[
    {
        "Countries": "Algeria",
        "Internet_Users": "25428159",
        "Penetration_Perc_of_pop": "58.0 %",
        "Population": 43851044,
        "Region": "Africa",
        "Longitude": "3.05097",
        "Latitude": "36.7397"
    },
    {
        "Countries": "Angola",
        "Internet_Users": "7078067",
        "Penetration_Perc_of_pop": "21.5 %",
        "Population": 32866272,
        "Region": "Africa",
        "Longitude": "13.242",
        "Latitude": "-8.81155"
    },
    {
        "Countries": "Benin",
        "Internet_Users": "3801758",
        "Penetration_Perc_of_pop": "31.4 %",
        "Population": "12123200",
        "Region": "Africa",
        "Longitude": "2.6323",
        "Latitude": "6.4779"
    },
    {
        "Countries": "Botswana",
        "Internet_Users": "1116079",
        "Penetration_Perc_of_pop": "47.5 %",
        "Population": "2351627",
        "Region": "Africa",
        "Longitude": "25.9201",
        "Latitude": "-24.6544"
    },
    {
        "Countries": "Burkina Faso",
        "Internet_Users": "3704265",
        "Penetration_Perc_of_pop": "17.7 %",
        "Population": "20903273",
        "Region": "Africa",
        "Longitude": "-1.53395",
        "Latitude": "12.3605"
    },
    {
        "Countries": "Burundi",
        "Internet_Users": "1154568",
        "Penetration_Perc_of_pop": "9.7 %",
        "Population": "11890784",
        "Region": "Africa",
        "Longitude": "29.3639",
        "Latitude": "-3.3784"
    },
    {
        "Countries": "Cameroon",
        "Internet_Users": "6128422",
        "Penetration_Perc_of_pop": "23.1 %",
        "Population": "26545863",
        "Region": "Africa",
        "Longitude": "11.5174",
        "Latitude": "3.8721"
    },
    {
        "Countries": "Chad",
        "Internet_Users": "1027932",
        "Penetration_Perc_of_pop": "6.3 %",
        "Population": "16425864",
        "Region": "Africa",
        "Longitude": "15.0445",
        "Latitude": "12.1048"
    },
    {
        "Countries": "Comoros",
        "Internet_Users": "178500",
        "Penetration_Perc_of_pop": "20.5%",
        "Population": "869901",
        "Region": "Africa",
        "Longitude": "43.2418",
        "Latitude": "-11.6986"
    },
    {
        "Countries": "Djibouti",
        "Internet_Users": "548832",
        "Penetration_Perc_of_pop": "55.5 %",
        "Population": "988000",
        "Region": "Africa",
        "Longitude": "43.1425",
        "Latitude": "11.5806"
    },
    {
        "Countries": "Equatorial Guinea",
        "Internet_Users": "356891",
        "Penetration_Perc_of_pop": "25.4 %",
        "Population": "1402985",
        "Region": "Africa",
        "Longitude": "8.7741",
        "Latitude": "3.7523"
    },
    {
        "Countries": "Eritrea",
        "Internet_Users": "293343",
        "Penetration_Perc_of_pop": "8.3 %",
        "Population": "3546421",
        "Region": "Africa",
        "Longitude": "38.9183",
        "Latitude": "15.3315"
    },
    {
        "Countries": "Eswatini",
        "Internet_Users": "665245",
        "Penetration_Perc_of_pop": "57.3 %",
        "Population": "1160164",
        "Region": "Africa",
        "Longitude": "31.4659",
        "Latitude": "-26.5225"
    },
    {
        "Countries": "Ethiopia",
        "Internet_Users": "20507255",
        "Penetration_Perc_of_pop": "17.8 %",
        "Population": "114963588",
        "Region": "Africa",
        "Longitude": "38.7468",
        "Latitude": "9.022739999999999"
    },
    {
        "Countries": "Gabon",
        "Internet_Users": "1307641",
        "Penetration_Perc_of_pop": "58.8 %",
        "Population": "2225734",
        "Region": "Africa",
        "Longitude": "9.45162",
        "Latitude": "0.38832"
    },
    {
        "Countries": "Ghana",
        "Internet_Users": "11737818",
        "Penetration_Perc_of_pop": "37.8 %",
        "Population": "31072940",
        "Region": "Africa",
        "Longitude": "-0.20795",
        "Latitude": "5.57045"
    },
    {
        "Countries": "Guinea",
        "Internet_Users": "2411672",
        "Penetration_Perc_of_pop": "18.4 %",
        "Population": "13132795",
        "Region": "Africa",
        "Longitude": "-13.7",
        "Latitude": "9.51667"
    },
    {
        "Countries": "Guinea-Bissau",
        "Internet_Users": "250000",
        "Penetration_Perc_of_pop": "12.7 %",
        "Population": "1968001",
        "Region": "Africa",
        "Longitude": "-15.1804",
        "Latitude": "11.8037"
    },
    {
        "Countries": "Kenya",
        "Internet_Users": "46870422",
        "Penetration_Perc_of_pop": "87.2 %",
        "Population": "53771296",
        "Region": "Africa",
        "Longitude": "36.8126",
        "Latitude": "-1.27975"
    },
    {
        "Countries": "Lesotho",
        "Internet_Users": "682990",
        "Penetration_Perc_of_pop": "31.9 %",
        "Population": "2142249",
        "Region": "Africa",
        "Longitude": "27.7167",
        "Latitude": "-29.5208"
    },
    {
        "Countries": "Liberia",
        "Internet_Users": "624610",
        "Penetration_Perc_of_pop": "12.3 %",
        "Population": "5057681",
        "Region": "Africa",
        "Longitude": "-10.7957",
        "Latitude": "6.30039"
    },
    {
        "Countries": "Libya",
        "Internet_Users": "5100000",
        "Penetration_Perc_of_pop": "74.2 %",
        "Population": "6871292",
        "Region": "Africa",
        "Longitude": "13.1072",
        "Latitude": "32.8578"
    },
    {
        "Countries": "Madagascar",
        "Internet_Users": "2643025",
        "Penetration_Perc_of_pop": "9.5 %",
        "Population": "27691018",
        "Region": "Africa",
        "Longitude": "45.7167",
        "Latitude": "-20.4667"
    },
    {
        "Countries": "Malawi",
        "Internet_Users": "2717243",
        "Penetration_Perc_of_pop": "14.2 %",
        "Population": "19129952",
        "Region": "Africa",
        "Longitude": "33.7703",
        "Latitude": "-13.9899"
    },
    {
        "Countries": "Mali",
        "Internet_Users": "12480176",
        "Penetration_Perc_of_pop": "61.6 %",
        "Population": "20250833",
        "Region": "Africa",
        "Longitude": "-7.50034",
        "Latitude": "13.5667"
    },
    {
        "Countries": "Mauritania",
        "Internet_Users": "969519",
        "Penetration_Perc_of_pop": "20.9 %",
        "Population": "4649658",
        "Region": "Africa",
        "Longitude": "-15.9824",
        "Latitude": "18.2367"
    },
    {
        "Countries": "Mauritius",
        "Internet_Users": "852000",
        "Penetration_Perc_of_pop": "67.0 %",
        "Population": "1271768",
        "Region": "Africa",
        "Longitude": "57.4977",
        "Latitude": "-20.1605"
    },
    {
        "Countries": "Morocco",
        "Internet_Users": "23739581",
        "Penetration_Perc_of_pop": "64.3 %",
        "Population": "36910560",
        "Region": "Africa",
        "Longitude": "-6.8704",
        "Latitude": "33.9905"
    },
    {
        "Countries": "Mozambique",
        "Internet_Users": "6523613",
        "Penetration_Perc_of_pop": "20.9 %",
        "Population": "31255435",
        "Region": "Africa",
        "Longitude": "32.5713",
        "Latitude": "-25.9664"
    },
    {
        "Countries": "Namibia",
        "Internet_Users": "1347418",
        "Penetration_Perc_of_pop": "53.0 %",
        "Population": "2540905",
        "Region": "Africa",
        "Longitude": "17.0931",
        "Latitude": "-22.5648"
    },
    {
        "Countries": "Niger",
        "Internet_Users": "2781266",
        "Penetration_Perc_of_pop": "11.5 %",
        "Population": 24206644,
        "Region": "Africa",
        "Longitude": "2.1073",
        "Latitude": "13.514000000000001"
    },
    {
        "Countries": "Nigeria",
        "Internet_Users": "126078999",
        "Penetration_Perc_of_pop": "61.2 %",
        "Population": "206139589",
        "Region": "Africa",
        "Longitude": "7.48906",
        "Latitude": "9.05804"
    },
    {
        "Countries": "Rwanda",
        "Internet_Users": "5981638",
        "Penetration_Perc_of_pop": "46.2 %",
        "Population": "12952218",
        "Region": "Africa",
        "Longitude": "30.0587",
        "Latitude": "-1.95325"
    },
    {
        "Countries": "Senegal",
        "Internet_Users": "9749527",
        "Penetration_Perc_of_pop": "58.2 %",
        "Population": "16743927",
        "Region": "Africa",
        "Longitude": "-17.4734",
        "Latitude": "14.7247"
    },
    {
        "Countries": "Seychelles",
        "Internet_Users": "71300",
        "Penetration_Perc_of_pop": "72.5 %",
        "Population": "98347",
        "Region": "Africa",
        "Longitude": "55.4466",
        "Latitude": "-4.6309"
    },
    {
        "Countries": "Somalia",
        "Internet_Users": "1705300",
        "Penetration_Perc_of_pop": "10.7 %",
        "Population": "15893222",
        "Region": "Africa",
        "Longitude": "45.3254",
        "Latitude": "2.07515"
    },
    {
        "Countries": "South Sudan",
        "Internet_Users": "887722",
        "Penetration_Perc_of_pop": "7.9 %",
        "Population": "11193725",
        "Region": "Africa",
        "Longitude": "31.6",
        "Latitude": "4.85"
    },
    {
        "Countries": "Sudan",
        "Internet_Users": "13124100",
        "Penetration_Perc_of_pop": "29.9 %",
        "Population": "43849260",
        "Region": "Africa",
        "Longitude": "32.5363",
        "Latitude": "15.5932"
    },
    {
        "Countries": "Tanzania",
        "Internet_Users": "23142960",
        "Penetration_Perc_of_pop": "38.7 %",
        "Population": "59734218",
        "Region": "Africa",
        "Longitude": "35.7382",
        "Latitude": "-6.17486"
    },
    {
        "Countries": "Togo",
        "Internet_Users": "1011837",
        "Penetration_Perc_of_pop": "12.2 %",
        "Population": "8278724",
        "Region": "Africa",
        "Longitude": "1.2255",
        "Latitude": "6.1228"
    },
    {
        "Countries": "Tunisia",
        "Internet_Users": "7898534",
        "Penetration_Perc_of_pop": "66.8 %",
        "Population": "11818619",
        "Region": "Africa",
        "Longitude": "10.21",
        "Latitude": "36.7899"
    },
    {
        "Countries": "Uganda",
        "Internet_Users": "18502166",
        "Penetration_Perc_of_pop": "40.4 %",
        "Population": "45741007",
        "Region": "Africa",
        "Longitude": "32.5729",
        "Latitude": "0.314269"
    },
    {
        "Countries": "Zambia",
        "Internet_Users": "9870427",
        "Penetration_Perc_of_pop": "53.7 %",
        "Population": "18383955",
        "Region": "Africa",
        "Longitude": "28.2937",
        "Latitude": "-15.3982"
    },
    {
        "Countries": "Zimbabwe",
        "Internet_Users": "8400000",
        "Penetration_Perc_of_pop": "56.5 %",
        "Population": "14862924",
        "Region": "Africa",
        "Longitude": "31.0672",
        "Latitude": "-17.8312"
    },
    {
        "Countries": "Argentina",
        "Internet_Users": "41586960",
        "Penetration_Perc_of_pop": "93.1 %",
        "Population": "44688864",
        "Region": "South_America",
        "Longitude": "-58.4173",
        "Latitude": "-34.6118"
    },
    {
        "Countries": "Aruba",
        "Internet_Users": "100000",
        "Penetration_Perc_of_pop": "94.6 %",
        "Population": "105670",
        "Region": "North_America",
        "Longitude": "-70.0167",
        "Latitude": "12.5167"
    },
    {
        "Countries": "Barbados",
        "Internet_Users": "228717",
        "Penetration_Perc_of_pop": "79.9 %",
        "Population": "286388",
        "Region": "North_America",
        "Longitude": "-59.6105",
        "Latitude": "13.0935"
    },
    {
        "Countries": "Belize",
        "Internet_Users": "200020",
        "Penetration_Perc_of_pop": "52.3 %",
        "Population": "382444",
        "Region": "North_America",
        "Longitude": "-88.7713",
        "Latitude": "17.2534"
    },
    {
        "Countries": "Bermuda",
        "Internet_Users": "60122",
        "Penetration_Perc_of_pop": "98.0 %",
        "Population": "61349",
        "Region": "North_America",
        "Longitude": "-64.706",
        "Latitude": "32.3293"
    },
    {
        "Countries": "Bolivia",
        "Internet_Users": "8817749",
        "Penetration_Perc_of_pop": "78.6 %",
        "Population": "11215674",
        "Region": "South_America",
        "Longitude": "-66.1936",
        "Latitude": "-13.9908"
    },
    {
        "Countries": "Brazil",
        "Internet_Users": "149057635",
        "Penetration_Perc_of_pop": "70.7 %",
        "Population": "210867954",
        "Region": "South_America",
        "Longitude": "-47.9292",
        "Latitude": "-15.7801"
    },
    {
        "Countries": "British Virgin Islands",
        "Internet_Users": "14620",
        "Penetration_Perc_of_pop": "46.9 %",
        "Population": "31196",
        "Region": "North_America",
        "Longitude": "-64.623056",
        "Latitude": "18.431389000000003"
    },
    {
        "Countries": "Canada",
        "Internet_Users": "33221435",
        "Penetration_Perc_of_pop": "89.9 %",
        "Population": "36953765",
        "Region": "North_America",
        "Longitude": "-75.6919",
        "Latitude": "45.4215"
    },
    {
        "Countries": "Cayman Islands",
        "Internet_Users": "54630",
        "Penetration_Perc_of_pop": "88.7 %",
        "Population": "61559",
        "Region": "North_America",
        "Longitude": "-81.3857",
        "Latitude": "19.3022"
    },
    {
      "Countries": "China",
      "Internet_Users": "854000000",
      "Penetration_Perc_of_pop": "59.3 %",
      "Population": "1439323776",
      "Region": "Asia",
      "Longitude": "116.286",
      "Latitude": "40.0495"
  },
    {
        "Countries": "Chile",
        "Internet_Users": "14108392",
        "Penetration_Perc_of_pop": "77.5 %",
        "Population": "18197209",
        "Region": "South_America",
        "Longitude": "-70.6475",
        "Latitude": "-33.475"
    },
    {
        "Countries": "Colombia",
        "Internet_Users": "31275567",
        "Penetration_Perc_of_pop": "63.2 %",
        "Population": "49464683",
        "Region": "South_America",
        "Longitude": "-74.082",
        "Latitude": "4.60987"
    },
    {
        "Countries": "Costa Rica",
        "Internet_Users": "4296443",
        "Penetration_Perc_of_pop": "86.7 %",
        "Population": "4953199",
        "Region": "North_America",
        "Longitude": "-84.0089",
        "Latitude": "9.63701"
    },
    {
        "Countries": "Cuba",
        "Internet_Users": "4630000",
        "Penetration_Perc_of_pop": "40.3 %",
        "Population": "11489082",
        "Region": "North_America",
        "Longitude": "-82.3667",
        "Latitude": "23.1333"
    },
    {
        "Countries": "Dominica",
        "Internet_Users": "49687",
        "Penetration_Perc_of_pop": "67.2 %",
        "Population": "73925",
        "Region": "North_America",
        "Longitude": "-61.39",
        "Latitude": "15.2976"
    },
    {
        "Countries": "Dominican Republic",
        "Internet_Users": "6649904",
        "Penetration_Perc_of_pop": "61.1 %",
        "Population": "10882996",
        "Region": "North_America",
        "Longitude": "-69.8908",
        "Latitude": "18.479"
    },
    {
        "Countries": "Ecuador",
        "Internet_Users": "13476687",
        "Penetration_Perc_of_pop": "79.9 %",
        "Population": "16863425",
        "Region": "South_America",
        "Longitude": "-78.5243",
        "Latitude": "-0.229498"
    },
    {
        "Countries": "El Salvador",
        "Internet_Users": "3700000",
        "Penetration_Perc_of_pop": "57.7 %",
        "Population": "6411558",
        "Region": "North_America",
        "Longitude": "-89.2073",
        "Latitude": "13.7034"
    },
    {
        "Countries": "Greenland",
        "Internet_Users": "52000",
        "Penetration_Perc_of_pop": "92.1 %",
        "Population": "56480",
        "Region": "North_America",
        "Longitude": "-51.7214",
        "Latitude": "64.1836"
    },
    {
        "Countries": "Grenada",
        "Internet_Users": "69245",
        "Penetration_Perc_of_pop": "63.9 %",
        "Population": "108339",
        "Region": "North_America",
        "Longitude": "-61.7449",
        "Latitude": "12.0653"
    },
    {
        "Countries": "Guatemala",
        "Internet_Users": "7268597",
        "Penetration_Perc_of_pop": "42.1 %",
        "Population": "17245346",
        "Region": "North_America",
        "Longitude": "-90.5328",
        "Latitude": "14.6248"
    },
    {
        "Countries": "Guyana",
        "Internet_Users": "395007",
        "Penetration_Perc_of_pop": "50.5 %",
        "Population": "782225",
        "Region": "South_America",
        "Longitude": "-58.1548",
        "Latitude": "6.80461"
    },
    {
        "Countries": "Haiti",
        "Internet_Users": "2000000",
        "Penetration_Perc_of_pop": "18.0 %",
        "Population": "11112945",
        "Region": "North_America",
        "Longitude": "-72.3288",
        "Latitude": "18.5392"
    },
    {
        "Countries": "Honduras",
        "Internet_Users": "3600000",
        "Penetration_Perc_of_pop": "38.2 %",
        "Population": "9417167",
        "Region": "North_America",
        "Longitude": "-87.4667",
        "Latitude": "15.1333"
    },
    {
        "Countries": "Jamaica",
        "Internet_Users": "1581100",
        "Penetration_Perc_of_pop": "54.5 %",
        "Population": "2898677",
        "Region": "North_America",
        "Longitude": "-76.792",
        "Latitude": "17.9927"
    },
    {
        "Countries": "Mexico",
        "Internet_Users": "85000000",
        "Penetration_Perc_of_pop": "65.0 %",
        "Population": "130759074",
        "Region": "North_America",
        "Longitude": "-99.1276",
        "Latitude": "19.427"
    },
    {
        "Countries": "Nicaragua",
        "Internet_Users": "2700000",
        "Penetration_Perc_of_pop": "43.0 %",
        "Population": "6284757",
        "Region": "North_America",
        "Longitude": "-86.2734",
        "Latitude": "12.1475"
    },
    {
        "Countries": "Panama",
        "Internet_Users": "2899892",
        "Penetration_Perc_of_pop": "69.7 %",
        "Population": "4162618",
        "Region": "North_America",
        "Longitude": "-79.5188",
        "Latitude": "8.99427"
    },
    {
        "Countries": "Paraguay",
        "Internet_Users": "6177748",
        "Penetration_Perc_of_pop": "89.6 %",
        "Population": "6896908",
        "Region": "South_America",
        "Longitude": "-57.6362",
        "Latitude": "-25.3005"
    },
    {
        "Countries": "Peru",
        "Internet_Users": "22000000",
        "Penetration_Perc_of_pop": "67.6 %",
        "Population": "32551815",
        "Region": "South_America",
        "Longitude": "-77.0465",
        "Latitude": "-12.0931"
    },
    {
        "Countries": "Puerto Rico",
        "Internet_Users": "3047311",
        "Penetration_Perc_of_pop": "83.3 %",
        "Population": "3659007",
        "Region": "North_America",
        "Longitude": "-66.0",
        "Latitude": "18.23"
    },
    {
        "Countries": "Suriname",
        "Internet_Users": "340000",
        "Penetration_Perc_of_pop": "59.8 %",
        "Population": "568301",
        "Region": "South_America",
        "Longitude": "-55.1679",
        "Latitude": "5.8232"
    },
    {
        "Countries": "United States",
        "Internet_Users": "312322257",
        "Penetration_Perc_of_pop": "95.6 %",
        "Population": "326766748",
        "Region": "North_America",
        "Longitude": "-77.032",
        "Latitude": "38.8895"
    },
    {
        "Countries": "Uruguay",
        "Internet_Users": "3059727",
        "Penetration_Perc_of_pop": "88.2 %",
        "Population": "3469551",
        "Region": "South_America",
        "Longitude": "-56.0675",
        "Latitude": "-34.8941"
    },
    {
        "Countries": "Armenia",
        "Internet_Users": "2126716",
        "Penetration_Perc_of_pop": "71.8  %",
        "Population": "2963243",
        "Region": "Asia",
        "Longitude": "44.50899999999999",
        "Latitude": "40.1596"
    },
    {
        "Countries": "Azerbaijan",
        "Internet_Users": "7991630",
        "Penetration_Perc_of_pop": "78.8  %",
        "Population": "10139177",
        "Region": "Asia",
        "Longitude": "49.8932",
        "Latitude": "40.3834"
    },
    {
        "Countries": "Bangladesh",
        "Internet_Users": "96199000",
        "Penetration_Perc_of_pop": "58.4  %",
        "Population": "164689383",
        "Region": "Asia",
        "Longitude": "90.4113",
        "Latitude": "23.7055"
    },
    {
        "Countries": "Bhutan",
        "Internet_Users": "397499",
        "Penetration_Perc_of_pop": "51.5  %",
        "Population": "771608",
        "Region": "Asia",
        "Longitude": "89.6177",
        "Latitude": "27.5768"
    },
    {
        "Countries": "Cambodia",
        "Internet_Users": "8005551",
        "Penetration_Perc_of_pop": "47.9  %",
        "Population": "16718965",
        "Region": "Asia",
        "Longitude": "104.874",
        "Latitude": "11.5556"
    },
    {
        "Countries": "Georgia",
        "Internet_Users": "2658311",
        "Penetration_Perc_of_pop": "66.6 %",
        "Population": "3989167",
        "Region": "Asia",
        "Longitude": "44.793",
        "Latitude": "41.71"
    },
    {
        "Countries": "India",
        "Internet_Users": "560000000",
        "Penetration_Perc_of_pop": "40.6  %",
        "Population": "1380004385",
        "Region": "Asia",
        "Longitude": "77.225",
        "Latitude": "28.6353"
    },
    {
        "Countries": "Indonesia",
        "Internet_Users": "171260000",
        "Penetration_Perc_of_pop": "62.6  %",
        "Population": "273523615",
        "Region": "Asia",
        "Longitude": "106.83",
        "Latitude": "-6.19752"
    },
    {
        "Countries": "Japan",
        "Internet_Users": "118626672",
        "Penetration_Perc_of_pop": "93.8 %",
        "Population": "126476461",
        "Region": "Asia",
        "Longitude": "139.77",
        "Latitude": "35.67"
    },
    {
        "Countries": "Kazakhstan",
        "Internet_Users": "14669853",
        "Penetration_Perc_of_pop": "78.1  %",
        "Population": "18776707",
        "Region": "Asia",
        "Longitude": "71.4382",
        "Latitude": "51.1879"
    },
    {
        "Countries": "Malaysia",
        "Internet_Users": "26353017",
        "Penetration_Perc_of_pop": "81.4 %",
        "Population": "32365999",
        "Region": "Asia",
        "Longitude": "101.684",
        "Latitude": "3.12433"
    },
    {
        "Countries": "Maldives",
        "Internet_Users": "370000",
        "Penetration_Perc_of_pop": "68.4  %",
        "Population": "540544",
        "Region": "Asia",
        "Longitude": "73.5109",
        "Latitude": "4.1742"
    },
    {
        "Countries": "Mongolia",
        "Internet_Users": "2233000",
        "Penetration_Perc_of_pop": "68.1 %",
        "Population": "3278290",
        "Region": "Asia",
        "Longitude": "106.93700000000001",
        "Latitude": "47.9129"
    },
    {
        "Countries": "Myanmar",
        "Internet_Users": "22200000",
        "Penetration_Perc_of_pop": "40.8  %",
        "Population": "54409800",
        "Region": "Asia",
        "Longitude": "95.9562",
        "Latitude": "21.914"
    },
    {
        "Countries": "Nepal",
        "Internet_Users": "16190000",
        "Penetration_Perc_of_pop": "55.6  %",
        "Population": "29136808",
        "Region": "Asia",
        "Longitude": "85.3157",
        "Latitude": "27.6939"
    },
    {
        "Countries": "Pakistan",
        "Internet_Users": "71608065",
        "Penetration_Perc_of_pop": "32.4  %",
        "Population": "220892340",
        "Region": "Asia",
        "Longitude": "72.8",
        "Latitude": "30.5167"
    },
    {
        "Countries": "Philippines",
        "Internet_Users": "79000000",
        "Penetration_Perc_of_pop": "72.1  %",
        "Population": "109581078",
        "Region": "Asia",
        "Longitude": "121.035",
        "Latitude": "14.5515"
    },
    {
        "Countries": "Singapore",
        "Internet_Users": "5173907",
        "Penetration_Perc_of_pop": "88.4 %",
        "Population": "5850342",
        "Region": "Asia",
        "Longitude": "103.85",
        "Latitude": "1.28941"
    },
    {
        "Countries": "Tajikistan",
        "Internet_Users": "3013256",
        "Penetration_Perc_of_pop": "31.6  %",
        "Population": "9537645",
        "Region": "Asia",
        "Longitude": "68.7864",
        "Latitude": "38.5878"
    },
    {
        "Countries": "Thailand",
        "Internet_Users": "57000000",
        "Penetration_Perc_of_pop": "81.7 %",
        "Population": "69799978",
        "Region": "Asia",
        "Longitude": "100.521",
        "Latitude": "13.7308"
    },
    {
        "Countries": "Timor-Leste",
        "Internet_Users": "410000",
        "Penetration_Perc_of_pop": "31.1  %",
        "Population": "1318445",
        "Region": "Asia",
        "Longitude": "125.56700000000001",
        "Latitude": "-8.56667"
    },
    {
        "Countries": "Turkmenistan",
        "Internet_Users": "1262794",
        "Penetration_Perc_of_pop": "20.9  %",
        "Population": "6031200",
        "Region": "Asia",
        "Longitude": "58.3794",
        "Latitude": "37.9509"
    },
    {
        "Countries": "Uzbekistan",
        "Internet_Users": "17161534",
        "Penetration_Perc_of_pop": "51.3  %",
        "Population": "33469203",
        "Region": "Asia",
        "Longitude": "69.26899999999999",
        "Latitude": "41.3052"
    },
    {
        "Countries": "Vietnam",
        "Internet_Users": "68541344",
        "Penetration_Perc_of_pop": "70.4 %",
        "Population": "97338579",
        "Region": "Asia",
        "Longitude": "105.825",
        "Latitude": "21.0069"
    },
    {
        "Countries": "Albania",
        "Internet_Users": "2160000",
        "Penetration_Perc_of_pop": "73.5  %",
        "Population": "2938428",
        "Region": "Europe",
        "Longitude": "19.8172",
        "Latitude": "41.3317"
    },
    {
        "Countries": "Andorra",
        "Internet_Users": "76242",
        "Penetration_Perc_of_pop": "98.9 %",
        "Population": "77072",
        "Region": "Europe",
        "Longitude": "1.5218",
        "Latitude": "42.5075"
    },
    {
        "Countries": "Belarus",
        "Internet_Users": "7521628",
        "Penetration_Perc_of_pop": "79.7 %",
        "Population": "9433874",
        "Region": "Europe",
        "Longitude": "27.5766",
        "Latitude": "53.9678"
    },
    {
        "Countries": "Faroe Islands",
        "Internet_Users": "48489",
        "Penetration_Perc_of_pop": "97.6 %",
        "Population": "49692",
        "Region": "Europe",
        "Longitude": "-6.911810000000001",
        "Latitude": "61.8926"
    },
    {
        "Countries": "Iceland",
        "Internet_Users": "337194",
        "Penetration_Perc_of_pop": "99.0 %",
        "Population": "340566",
        "Region": "Europe",
        "Longitude": "-21.8952",
        "Latitude": "64.1353"
    },
    {
        "Countries": "Kosovo",
        "Internet_Users": "1693942",
        "Penetration_Perc_of_pop": "88.8 %",
        "Population": "1907592",
        "Region": "Europe",
        "Longitude": "20.926",
        "Latitude": "42.565"
    },
    {
        "Countries": "Liechtenstein",
        "Internet_Users": "37674",
        "Penetration_Perc_of_pop": "98.1 %",
        "Population": "38404",
        "Region": "Europe",
        "Longitude": "9.52148",
        "Latitude": "47.1411"
    },
    {
        "Countries": "Moldova",
        "Internet_Users": "3067446",
        "Penetration_Perc_of_pop": "76.1 %",
        "Population": "4029750",
        "Region": "Europe",
        "Longitude": "28.8497",
        "Latitude": "47.0167"
    },
    {
        "Countries": "Monaco",
        "Internet_Users": "38124",
        "Penetration_Perc_of_pop": "97.5 %",
        "Population": "39102",
        "Region": "Europe",
        "Longitude": "7.41891",
        "Latitude": "43.7325"
    },
    {
        "Countries": "Montenegro",
        "Internet_Users": "449989",
        "Penetration_Perc_of_pop": "71.5 %",
        "Population": "629355",
        "Region": "Europe",
        "Longitude": "19.2595",
        "Latitude": "42.4602"
    },
    {
        "Countries": "North Macedonia",
        "Internet_Users": "1652056",
        "Penetration_Perc_of_pop": "79.2 %",
        "Population": "2086720",
        "Region": "Europe",
        "Longitude": "21.4361",
        "Latitude": "42.0024"
    },
    {
        "Countries": "Norway",
        "Internet_Users": "5311892",
        "Penetration_Perc_of_pop": "98.4 %",
        "Population": "5400916",
        "Region": "Europe",
        "Longitude": "10.7387",
        "Latitude": "59.9138"
    },
    {
        "Countries": "San Marino",
        "Internet_Users": "20270",
        "Penetration_Perc_of_pop": "60.2 %",
        "Population": "33683",
        "Region": "Europe",
        "Longitude": "12.4486",
        "Latitude": "43.9322"
    },
    {
        "Countries": "Serbia",
        "Internet_Users": "6406827",
        "Penetration_Perc_of_pop": "73.4 %",
        "Population": "8733407",
        "Region": "Europe",
        "Longitude": "20.4656",
        "Latitude": "44.8024"
    },
    {
        "Countries": "Switzerland",
        "Internet_Users": "8066800",
        "Penetration_Perc_of_pop": "93.7 %",
        "Population": "8608259",
        "Region": "Europe",
        "Longitude": "7.44821",
        "Latitude": "46.948"
    },
    {
        "Countries": "Turkey",
        "Internet_Users": "69107183",
        "Penetration_Perc_of_pop": "83.3 %",
        "Population": "82961805",
        "Region": "Europe",
        "Longitude": "32.3606",
        "Latitude": "39.7153"
    },
    {
        "Countries": "Ukraine",
        "Internet_Users": "40912381",
        "Penetration_Perc_of_pop": "93.4 %",
        "Population": "43795220",
        "Region": "Europe",
        "Longitude": "30.5038",
        "Latitude": "50.4536"
    },
    {
        "Countries": "Bahrain",
        "Internet_Users": "1615620",
        "Penetration_Perc_of_pop": "94.9 %",
        "Population": "1701575",
        "Region": "Middle East",
        "Longitude": "50.5354",
        "Latitude": "26.1921"
    },
    {
        "Countries": "Iraq",
        "Internet_Users": "21276000",
        "Penetration_Perc_of_pop": "52.9 %",
        "Population": "40222493",
        "Region": "Middle East",
        "Longitude": "44.394",
        "Latitude": "33.3302"
    },
    {
        "Countries": "Israel",
        "Internet_Users": "7002759",
        "Penetration_Perc_of_pop": "80.9 %",
        "Population": "8655535",
        "Region": "Middle East",
        "Longitude": "35.2035",
        "Latitude": "31.7717"
    },
    {
        "Countries": "Jordan",
        "Internet_Users": "8700000",
        "Penetration_Perc_of_pop": "85.3 %",
        "Population": "10203134",
        "Region": "Middle East",
        "Longitude": "35.9263",
        "Latitude": "31.9497"
    },
    {
        "Countries": "Kuwait",
        "Internet_Users": "4231978",
        "Penetration_Perc_of_pop": "99.1 %",
        "Population": "4270571",
        "Region": "Middle East",
        "Longitude": "47.9824",
        "Latitude": "29.3721"
    },
    {
        "Countries": "Lebanon",
        "Internet_Users": "5546494",
        "Penetration_Perc_of_pop": "81.3 %",
        "Population": "6825445",
        "Region": "Middle East",
        "Longitude": "35.5134",
        "Latitude": "33.8872"
    },
    {
        "Countries": "Oman",
        "Internet_Users": "4011004",
        "Penetration_Perc_of_pop": "78.5 %",
        "Population": "5106626",
        "Region": "Middle East",
        "Longitude": "58.5874",
        "Latitude": "23.6105"
    },
    {
        "Countries": "Qatar",
        "Internet_Users": "2942000",
        "Penetration_Perc_of_pop": "99.6 %",
        "Population": "2881053",
        "Region": "Middle East",
        "Longitude": "51.5082",
        "Latitude": "25.2948"
    },
    {
        "Countries": "Saudi Arabia",
        "Internet_Users": "31856652",
        "Penetration_Perc_of_pop": "91.5 %",
        "Population": "34813871",
        "Region": "Middle East",
        "Longitude": "46.6977",
        "Latitude": "24.6748"
    },
    {
        "Countries": "United Arab Emirates",
        "Internet_Users": "9532016",
        "Penetration_Perc_of_pop": "96.4 %",
        "Population": "9890402",
        "Region": "Middle East",
        "Longitude": "54.3705",
        "Latitude": "24.4764"
    },
    {
        "Countries": "Australia",
        "Internet_Users": "21711706",
        "Penetration_Perc_of_pop": "86.5 %",
        "Population": "25088636",
        "Region": "Oceania",
        "Longitude": "149.129",
        "Latitude": "-35.282"
    },
    {
        "Countries": "Fiji",
        "Internet_Users": "500958",
        "Penetration_Perc_of_pop": "54.5 %",
        "Population": "918757",
        "Region": "Oceania",
        "Longitude": "178.399",
        "Latitude": "-18.1149"
    },
    {
        "Countries": "French Polynesia",
        "Internet_Users": "209744",
        "Penetration_Perc_of_pop": "72.7 %",
        "Population": "288506",
        "Region": "Oceania",
        "Longitude": "-149.57",
        "Latitude": "-17.535"
    },
    {
        "Countries": "Guam",
        "Internet_Users": "134649",
        "Penetration_Perc_of_pop": "80.5 %",
        "Population": "167245",
        "Region": "Oceania",
        "Longitude": "144.79399999999998",
        "Latitude": "13.4443"
    },
    {
        "Countries": "Kiribati",
        "Internet_Users": "32947",
        "Penetration_Perc_of_pop": "27.4%",
        "Population": "120428",
        "Region": "Oceania",
        "Longitude": "172.979",
        "Latitude": "1.32905"
    },
    {
        "Countries": "Marshall Islands",
        "Internet_Users": "20593",
        "Penetration_Perc_of_pop": "38.7 %",
        "Population": "53211",
        "Region": "Oceania",
        "Longitude": "171.135",
        "Latitude": "7.110460000000001"
    },
    {
        "Countries": "New Caledonia",
        "Internet_Users": "232368",
        "Penetration_Perc_of_pop": "82.0 %",
        "Population": "283376",
        "Region": "Oceania",
        "Longitude": "166.46400000000003",
        "Latitude": "-22.2677"
    },
    {
        "Countries": "New Zealand",
        "Internet_Users": "4351987",
        "Penetration_Perc_of_pop": "90.8 %",
        "Population": "4792409",
        "Region": "Oceania",
        "Longitude": "174.77599999999998",
        "Latitude": "-41.2865"
    },
    {
        "Countries": "Samoa",
        "Internet_Users": "100000",
        "Penetration_Perc_of_pop": "50.3%",
        "Population": "198909",
        "Region": "Oceania",
        "Longitude": "-171.752",
        "Latitude": "-13.8314"
    },
    {
        "Countries": "Solomon Islands",
        "Internet_Users": "75722",
        "Penetration_Perc_of_pop": "11.9 %",
        "Population": "635254",
        "Region": "Oceania",
        "Longitude": "159.94899999999998",
        "Latitude": "-9.42676"
    },
    {
        "Countries": "Tonga",
        "Internet_Users": "57822",
        "Penetration_Perc_of_pop": "52.5 %",
        "Population": "110041",
        "Region": "Oceania",
        "Longitude": "-175.21599999999998",
        "Latitude": "-21.136"
    },
    {
        "Countries": "Vanuatu",
        "Internet_Users": "82764",
        "Penetration_Perc_of_pop": "28.7%",
        "Population": "288017",
        "Region": "Oceania",
        "Longitude": "168.321",
        "Latitude": "-17.7404"
    }
  ]