[{"World_Regions":"Africa","Population":"1340598447","Population_Perc_of_World":"17.2 %","Internet_users":"526710313","Penetration_Rate":"39.3 %","Growth_2000_2020":"11,567 %","Internet_World_Perc":"11.3 %"},
    {"World_Regions":"Asia","Population":"4294516659","Population_Perc_of_World":"55.1 %","Internet_users":"2366213308","Penetration_Rate":"55.1 %","Growth_2000_2020":"1,970 %","Internet_World_Perc":"50.9 %"},{"World_Regions":"Europe","Population":"834995197","Population_Perc_of_World":"10.7 %","Internet_users":"727848547","Penetration_Rate":"87.2 %","Growth_2000_2020":"592 %","Internet_World_Perc":"15.7 %"},{"World_Regions":"Latin America \/ Caribbean","Population":"658345826","Population_Perc_of_World":"8.5 %","Internet_users":"453702292","Penetration_Rate":"68.9 %","Growth_2000_2020":"2,411 %","Internet_World_Perc":"10.0 %"},{"World_Regions":"Middle East","Population":"260991690","Population_Perc_of_World":"3.9 %","Internet_users":"183212099","Penetration_Rate":"70.2 %","Growth_2000_2020":"5,477 %","Internet_World_Perc":"3.3 %"},{"World_Regions":"North America","Population":"368869647","Population_Perc_of_World":"4.7 %","Internet_users":"348908868","Penetration_Rate":"94.6 %","Growth_2000_2020":"223 %","Internet_World_Perc":"7.5 %"},{"World_Regions":"Oceania \/ Australia","Population":"42690838","Population_Perc_of_World":"0.5 %","Internet_users":"28917600","Penetration_Rate":"67.7 %","Growth_2000_2020":"279 %","Internet_World_Perc":"0.6 %"}]