[{"countries":"Denmark","overalls":100.0,"longitude":12.5681,"latitude":55.6763,"universals":100.0,"freedoms":90.44590716,"relevant_content":92.37269472,"empowerment":93.60515257},{"countries":"Finland","overalls":98.81152793,"longitude":24.9525,"latitude":60.1608,"universals":88.46299301,"freedoms":100.0,"relevant_content":90.61375658,"empowerment":92.96952506},{"countries":"Norway","overalls":97.31680173,"longitude":10.7387,"latitude":59.9138,"universals":87.96967974,"freedoms":95.07466107,"relevant_content":96.55889004,"empowerment":86.5464699},{"countries":"Sweden","overalls":94.96911846,"longitude":18.0645,"latitude":59.3327,"universals":85.07214629,"freedoms":85.09838304,"relevant_content":92.54609456,"empowerment":94.7331032},{"countries":"Iceland","overalls":93.7222288,"longitude":-21.8952,"latitude":64.1353,"universals":96.97167475,"freedoms":94.92931233,"relevant_content":86.39612509,"empowerment":75.74936747},{"countries":"Netherlands","overalls":91.83557987,"longitude":4.89095,"latitude":52.3738,"universals":89.77251922,"freedoms":83.35778341,"relevant_content":89.69698993,"empowerment":83.57382155},{"countries":"Belgium","overalls":89.61122621,"longitude":4.36761,"latitude":50.8371,"universals":86.97315109,"freedoms":86.26443338,"relevant_content":89.38733284,"empowerment":75.72145321},{"countries":"France","overalls":89.08757568,"longitude":2.35097,"latitude":48.8566,"universals":73.96089807,"freedoms":78.72372469,"relevant_content":97.01510528,"empowerment":85.59022597},{"countries":"New Zealand","overalls":87.47684645,"longitude":174.776,"latitude":-41.2865,"universals":87.28216907,"freedoms":76.31337515,"relevant_content":89.2907739,"empowerment":77.451649},{"countries":"Australia","overalls":87.27121806,"longitude":149.129,"latitude":-35.282,"universals":84.62285465,"freedoms":75.15633811,"relevant_content":95.12003141,"empowerment":74.240305},{"countries":"Germany","overalls":86.19094611,"longitude":13.4115,"latitude":52.5235,"universals":79.97124768,"freedoms":85.84302661,"relevant_content":81.83970156,"empowerment":78.42804414},{"countries":"Austria","overalls":85.99864973,"longitude":16.3798,"latitude":48.2201,"universals":76.11980864,"freedoms":82.77504171,"relevant_content":83.81371568,"empowerment":82.32350077},{"countries":"Canada","overalls":85.82126513,"longitude":-75.6919,"latitude":45.4215,"universals":77.25873511,"freedoms":80.26906067,"relevant_content":89.70619776,"empowerment":76.80988418},{"countries":"Estonia","overalls":85.04919795,"longitude":24.7586,"latitude":59.4392,"universals":84.30637579,"freedoms":82.40633434,"relevant_content":75.72503767,"empowerment":79.91031119},{"countries":"Switzerland","overalls":84.73436269,"longitude":7.44821,"latitude":46.948,"universals":79.6920858,"freedoms":81.26980025,"relevant_content":76.86361248,"empowerment":83.1023521},{"countries":"Japan","overalls":79.00184477,"longitude":139.77,"latitude":35.67,"universals":78.09371839,"freedoms":77.873448,"relevant_content":77.68276526,"empowerment":66.32611103},{"countries":"Ireland","overalls":78.27816713,"longitude":-6.26749,"latitude":53.3441,"universals":86.85550987,"freedoms":83.3325809,"relevant_content":70.24836041,"empowerment":57.83848119},{"countries":"Israel","overalls":75.45989204,"longitude":35.2035,"latitude":31.7717,"universals":71.3956776,"freedoms":63.51287031,"relevant_content":78.83333898,"empowerment":72.65013368},{"countries":"Singapore","overalls":75.15583417,"longitude":103.85,"latitude":1.28941,"universals":91.6909612,"freedoms":42.23735352,"relevant_content":76.48200523,"empowerment":75.17347281},{"countries":"Spain","overalls":74.52842588,"longitude":-3.70327,"latitude":40.4167,"universals":71.8732294,"freedoms":75.23942153,"relevant_content":74.21024648,"empowerment":62.32411838},{"countries":"Chile","overalls":74.18404671,"longitude":-70.6475,"latitude":-33.475,"universals":60.36587418,"freedoms":87.72543769,"relevant_content":81.28313526,"empowerment":52.56659317},{"countries":"Portugal","overalls":73.3345352,"longitude":-9.13552,"latitude":38.7072,"universals":73.53679173,"freedoms":79.02552047,"relevant_content":71.37786187,"empowerment":55.72162512},{"countries":"Hungary","overalls":66.1249287,"longitude":19.0408,"latitude":47.4984,"universals":67.5806689,"freedoms":66.72029846,"relevant_content":67.05188775,"empowerment":51.84150286},{"countries":"Uruguay","overalls":66.10175111,"longitude":-56.0675,"latitude":-34.8941,"universals":60.1628695,"freedoms":71.32502367,"relevant_content":70.77612179,"empowerment":50.4894979},{"countries":"Czech Republic","overalls":65.49754376,"longitude":14.4205,"latitude":50.0878,"universals":67.10944316,"freedoms":79.84189405,"relevant_content":55.83292681,"empowerment":49.12305299},{"countries":"Italy","overalls":63.83022971,"longitude":12.4823,"latitude":41.8955,"universals":62.29589282,"freedoms":70.53461478,"relevant_content":58.29530971,"empowerment":54.13962306},{"countries":"Greece","overalls":60.9101104,"longitude":23.7166,"latitude":37.9792,"universals":60.77067989,"freedoms":76.05940875,"relevant_content":61.65281813,"empowerment":36.14526553},{"countries":"Argentina","overalls":60.73678231,"longitude":-58.4173,"latitude":-34.6118,"universals":61.88395786,"freedoms":59.62717289,"relevant_content":66.24921262,"empowerment":45.53739162},{"countries":"Costa Rica","overalls":60.37790152,"longitude":-84.0089,"latitude":9.63701,"universals":56.65808008,"freedoms":72.15569681,"relevant_content":58.74871933,"empowerment":45.01123506},{"countries":"Brazil","overalls":60.18551247,"longitude":-47.9292,"latitude":-15.7801,"universals":52.167841,"freedoms":70.74199619,"relevant_content":60.36386932,"empowerment":48.29381127},{"countries":"Poland","overalls":58.80600756,"longitude":21.02,"latitude":52.26,"universals":66.59643702,"freedoms":69.75282348,"relevant_content":48.11019695,"empowerment":43.32317353},{"countries":"Colombia","overalls":57.1219891,"longitude":-74.082,"latitude":4.60987,"universals":58.41207066,"freedoms":55.45808024,"relevant_content":58.86993275,"empowerment":47.60795461},{"countries":"Mexico","overalls":55.34422652,"longitude":-99.1276,"latitude":19.427,"universals":50.27241589,"freedoms":51.1617251,"relevant_content":66.73987453,"empowerment":44.86223327},{"countries":"Turkey","overalls":53.30346649,"longitude":32.3606,"latitude":39.7153,"universals":57.61266298,"freedoms":41.72295201,"relevant_content":56.16680169,"empowerment":50.72359027},{"countries":"Tunisia","overalls":51.92577768,"longitude":10.21,"latitude":36.7899,"universals":58.68091422,"freedoms":54.63124522,"relevant_content":52.5462293,"empowerment":36.01432967},{"countries":"Mauritius","overalls":49.59728828,"longitude":57.4977,"latitude":-20.1605,"universals":63.71425203,"freedoms":59.16665882,"relevant_content":37.52367192,"empowerment":34.18933539},{"countries":"Philippines","overalls":48.86982839,"longitude":121.035,"latitude":14.5515,"universals":51.03099914,"freedoms":52.83820535,"relevant_content":46.26636897,"empowerment":40.6550763},{"countries":"Malaysia","overalls":48.33981632,"longitude":101.684,"latitude":3.12433,"universals":54.66058977,"freedoms":34.54771975,"relevant_content":60.18363035,"empowerment":38.32286929},{"countries":"Peru","overalls":46.61713396,"longitude":-77.0465,"latitude":-12.0931,"universals":48.24654913,"freedoms":62.53140999,"relevant_content":37.94342826,"empowerment":34.54912066},{"countries":"Ukraine","overalls":45.19640849,"longitude":30.5038,"latitude":50.4536,"universals":59.292582,"freedoms":54.8631765,"relevant_content":34.60765637,"empowerment":29.75541409},{"countries":"United Arab Emirates","overalls":44.89919186,"longitude":54.3705,"latitude":24.4764,"universals":63.84856979,"freedoms":12.24502954,"relevant_content":64.41987917,"empowerment":34.21450098},{"countries":"India","overalls":44.60178775,"longitude":77.225,"latitude":28.6353,"universals":44.05627735,"freedoms":57.41551285,"relevant_content":33.98721885,"empowerment":40.40736006},{"countries":"Jamaica","overalls":44.49931887,"longitude":-76.792,"latitude":17.9927,"universals":48.02334393,"freedoms":61.54922927,"relevant_content":38.56533464,"empowerment":27.39816957},{"countries":"Ecuador","overalls":42.5695013,"longitude":-78.5243,"latitude":-0.229498,"universals":54.76731319,"freedoms":40.53654577,"relevant_content":42.49090355,"empowerment":30.17832579},{"countries":"Morocco","overalls":40.38448899,"longitude":-6.8704,"latitude":33.9905,"universals":31.89600003,"freedoms":48.36649172,"relevant_content":42.31669885,"empowerment":36.81791416},{"countries":"Indonesia","overalls":39.27327495,"longitude":106.83,"latitude":-6.19752,"universals":53.51114667,"freedoms":37.57720651,"relevant_content":38.29925469,"empowerment":26.74357856},{"countries":"Thailand","overalls":39.20247825,"longitude":100.521,"latitude":13.7308,"universals":64.08503084,"freedoms":24.67784078,"relevant_content":36.25991446,"empowerment":30.99250545},{"countries":"Qatar","overalls":38.00796239,"longitude":51.5082,"latitude":25.2948,"universals":79.61687285,"freedoms":9.121524147,"relevant_content":43.55767708,"empowerment":19.15569038},{"countries":"Kenya","overalls":37.48353476,"longitude":36.8126,"latitude":-1.27975,"universals":36.99560969,"freedoms":38.62361451,"relevant_content":33.34731178,"empowerment":40.32294118},{"countries":"Bahrain","overalls":36.40932014,"longitude":50.5354,"latitude":26.1921,"universals":59.51406648,"freedoms":1.865203518,"relevant_content":54.56134382,"empowerment":28.10834265},{"countries":"Kazakhstan","overalls":35.65173914,"longitude":71.4382,"latitude":51.1879,"universals":50.29892869,"freedoms":21.30121206,"relevant_content":48.92141282,"empowerment":21.31188883},{"countries":"Ghana","overalls":29.8726006,"longitude":-0.20795,"latitude":5.57045,"universals":39.71415131,"freedoms":53.78358635,"relevant_content":19.08624267,"empowerment":10.50574214},{"countries":"Botswana","overalls":28.43938195,"longitude":25.9201,"latitude":-24.6544,"universals":50.48501645,"freedoms":38.76480896,"relevant_content":15.98081221,"empowerment":12.81431346},{"countries":"Nigeria","overalls":28.09377416,"longitude":7.48906,"latitude":9.05804,"universals":37.27865313,"freedoms":38.01326095,"relevant_content":20.96856276,"empowerment":19.71318016},{"countries":"Bangladesh","overalls":27.9998604,"longitude":90.4113,"latitude":23.7055,"universals":44.4258902,"freedoms":33.76085419,"relevant_content":20.76590489,"empowerment":16.84945934},{"countries":"Saudi Arabia","overalls":27.7187942,"longitude":46.6977,"latitude":24.6748,"universals":55.52835934,"freedoms":0.0,"relevant_content":40.11048442,"empowerment":17.52520657},{"countries":"Jordan","overalls":27.42728842,"longitude":35.9263,"latitude":31.9497,"universals":43.71104319,"freedoms":11.01817689,"relevant_content":37.41236963,"empowerment":19.9739202},{"countries":"Namibia","overalls":25.97269209,"longitude":17.0931,"latitude":-22.5648,"universals":45.87872426,"freedoms":42.38437098,"relevant_content":16.87011338,"empowerment":3.865164815},{"countries":"Uganda","overalls":24.62370775,"longitude":32.5729,"latitude":0.314269,"universals":22.3077384,"freedoms":40.25006017,"relevant_content":18.129733,"empowerment":22.35031594},{"countries":"Nepal","overalls":23.94740514,"longitude":85.3157,"latitude":27.6939,"universals":26.79521685,"freedoms":39.4062476,"relevant_content":19.66725903,"empowerment":14.79450942},{"countries":"Rwanda","overalls":23.33852755,"longitude":30.0587,"latitude":-1.95325,"universals":26.72342562,"freedoms":23.64159815,"relevant_content":25.03661528,"empowerment":22.28671472},{"countries":"Zambia","overalls":22.74669126,"longitude":28.2937,"latitude":-15.3982,"universals":28.19327142,"freedoms":41.86572485,"relevant_content":10.45343924,"empowerment":16.4315583},{"countries":"Senegal","overalls":21.66644567,"longitude":-17.4734,"latitude":14.7247,"universals":27.18931821,"freedoms":41.93501378,"relevant_content":12.03201791,"empowerment":11.75657394},{"countries":"Malawi","overalls":18.87274499,"longitude":33.7703,"latitude":-13.9899,"universals":25.93401831,"freedoms":34.61137747,"relevant_content":19.22179685,"empowerment":2.378987402},{"countries":"Zimbabwe","overalls":18.4295931,"longitude":31.0672,"latitude":-17.8312,"universals":31.5025081,"freedoms":24.21746869,"relevant_content":12.06450841,"empowerment":13.04815921},{"countries":"Pakistan","overalls":17.75818067,"longitude":72.8,"latitude":30.5167,"universals":24.57070988,"freedoms":27.46439236,"relevant_content":14.1733776,"empowerment":11.90263629},{"countries":"Benin","overalls":15.74876565,"longitude":2.6323,"latitude":6.4779,"universals":22.98946251,"freedoms":48.8918936,"relevant_content":0.0,"empowerment":0.309932074},{"countries":"Mozambique","overalls":15.45749168,"longitude":32.5713,"latitude":-25.9664,"universals":19.31544733,"freedoms":36.27795068,"relevant_content":6.440324769,"empowerment":8.225843443},{"countries":"Burkina Faso","overalls":13.72416637,"longitude":-1.53395,"latitude":12.3605,"universals":2.642500475,"freedoms":41.95942831,"relevant_content":14.10878635,"empowerment":4.370412554},{"countries":"Haiti","overalls":12.52429434,"longitude":-72.3288,"latitude":18.5392,"universals":27.26237704,"freedoms":24.84412903,"relevant_content":7.45663784,"empowerment":0.0},{"countries":"Mali","overalls":11.14449084,"longitude":-7.50034,"latitude":13.5667,"universals":12.17037683,"freedoms":32.85074152,"relevant_content":3.725320794,"empowerment":5.662521564},{"countries":"Cameroon","overalls":9.710269129,"longitude":11.5174,"latitude":3.8721,"universals":19.52455673,"freedoms":13.10140444,"relevant_content":8.214954462,"empowerment":7.830988265},{"countries":"Myanmar","overalls":3.031020477,"longitude":95.9562,"latitude":21.914,"universals":6.125772573,"freedoms":13.83586819,"relevant_content":0.42278331,"empowerment":4.023659754},{"countries":"Ethiopia","overalls":0.0,"longitude":38.7468,"latitude":9.02274,"universals":0.0,"freedoms":4.080016769,"relevant_content":6.926662622,"empowerment":1.542768111}]