{
    "names":["Overall score", "Universal Access", "Empowerment","Freedom & Openness","Relevant Content & Use"],
    "metadata":[{"id": "Overall score", "Definition": "The Web Index is a composite statistic designed and produced by the World Wide Web Foundation. It is the first multi-dimensional measure of the World Wide Web's contribution to development and human rights globally. It covers 86 countries as of 2014, the latest year for which the index has been compiled. It incorporates indicators that assess the areas of universal access, freedom and openness, relevant content, and empowerment, which indicate economic, social, and political impacts of the Web."}, 
        {"id": "Universal Access", "Definition": "This criteria measures the level of communications infrastructure available in each country as well as the level of affordability and education and awareness of such facilities. Key questions addressed include  what is the % of population covered by mobile cellular network? What is the average cost of such facilities? are there specific policies to promote free or low-cost public internet access? To what extent has the government implemented concrete targets for equity in ICT access and use?"},
        {"id": "Empowerment", "Definition": "This criteria measures the economic, political, social and environmental impact of internet use in each country. Key questions covered include: To what extent has open data had a noticeable positive impact on the economy? To what extent are entrepreneurs successfully using open data to build new businesses in the country? To what extent are ICTs used to educate and inform citizens about government decision-making and public policy issues? To what extent are ICTs being used to improve health outcomes among poor and marginalised groups? To what extent are ICTs being used to improve education outcomes for poor and marginalised communities? To what extent are web-powered ICTs contributing to the growth of small and medium enterprises (SMEs)?"},
        {"id": "Freedom & Openness", "Definition": "This criteria measures the level of freedom in the press as well as  political rights and civil liberties in each country. Key questions addressed include to what extent has the government blocked (or required ICT firms to block, filter or take down) politically or socially sensitive Web content? To what extent is there a robust legal or regulatory framework for protection of personal data in your country? To what extent does the country have a functioning Right to Information (RTI) / Freedom of Information (FoI) law?"},
        {"id": "Relevant Content & Use", "Definition": "This criteria measures the level of government online services. Key questions addressed include To what extent is there a well-resourced open government data initiative in this country? To what extent can entities discover information (for free) that could affect their livelihoods using their mobile phones or other Web-powered ICT platforms?"}
    ],
    
    
    
    
    "samples":[{"id": "Overall score", "country": ["Denmark",
        "Finland",
        "Norway",
        "UK",
        "Sweden",
        "United States Of America",
        "Iceland",
        "Republic Of Korea",
        "Netherlands",
        "Belgium",
        "France",
        "New Zealand",
        "Australia",
        "Germany",
        "Austria",
        "Canada",
        "Estonia",
        "Switzerland",
        "Japan",
        "Ireland",
        "Israel",
        "Singapore",
        "Spain",
        "Chile",
        "Portugal",
        "Hungary",
        "Uruguay",
        "Czech Republic",
        "Italy",
        "Greece",
        "Argentina",
        "Costa Rica",
        "Brazil",
        "Poland",
        "Russian Federation",
        "Colombia",
        "Mexico",
        "Turkey",
        "Tunisia",
        "Mauritius",
        "Philippines",
        "Malaysia",
        "Peru",
        "China",
        "South Africa",
        "Ukraine",
        "United Arab Emirates",
        "India",
        "Jamaica",
        "Ecuador",
        "Morocco",
        "Indonesia",
        "Thailand",
        "Qatar",
        "Kenya",
        "Bahrain",
        "Kazakhstan",
        "Ghana",
        "Venezuela (Bolivarian Republic Of)",
        "Egypt",
        "Botswana",
        "Nigeria",
        "Bangladesh",
        "Saudi Arabia",
        "Jordan",
        "Namibia",
        "Viet Nam",
        "Uganda",
        "Nepal",
        "Rwanda",
        "Zambia",
        "Senegal",
        "United Republic Of Tanzania",
        "Malawi",
        "Zimbabwe",
        "Pakistan",
        "Benin",
        "Mozambique",
        "Burkina Faso",
        "Sierra Leone",
        "Haiti",
        "Mali",
        "Cameroon",
        "Yemen",
        "Myanmar",
        "Ethiopia"], "score": [100, 
            99, 
            98, 
            96, 
            95, 
            95, 
            94, 
            93, 
            92, 
            90, 
            90, 
            88, 
            88, 
            87, 
            86, 
            86, 
            86, 
            85, 
            80, 
            79, 
            76, 
            76, 
            75, 
            75, 
            74, 
            67, 
            67, 
            66, 
            64, 
            61, 
            61, 
            61, 
            61, 
            59, 
            59, 
            58, 
            56, 
            54, 
            52, 
            50, 
            49, 
            49, 
            47, 
            46, 
            46, 
            46, 
            45, 
            45, 
            45, 
            43, 
            41, 
            40, 
            40, 
            39, 
            38, 
            37, 
            36, 
            30, 
            30, 
            29, 
            29, 
            29, 
            28, 
            28, 
            28, 
            26, 
            25, 
            25, 
            24, 
            24, 
            23, 
            22, 
            22, 
            19, 
            19, 
            18, 
            16, 
            16, 
            14, 
            14, 
            13, 
            12, 
            10, 
            6, 
            4, 
            0], "rank": [1, 
                2, 
                3, 
                4, 
                5, 
                6, 
                7, 
                8, 
                9, 
                10, 
                11, 
                12, 
                13, 
                14, 
                15, 
                16, 
                17, 
                18, 
                19, 
                20, 
                21, 
                22, 
                23, 
                24, 
                25, 
                26, 
                27, 
                28, 
                29, 
                30, 
                31, 
                32, 
                33, 
                34, 
                35, 
                36, 
                37, 
                38, 
                39, 
                40, 
                41, 
                42, 
                43, 
                44, 
                45, 
                46, 
                47, 
                48, 
                49, 
                50, 
                51, 
                52, 
                53, 
                54, 
                55, 
                56, 
                57, 
                58, 
                59, 
                60, 
                61, 
                62, 
                63, 
                64, 
                65, 
                66, 
                67, 
                68, 
                69, 
                70, 
                71, 
                72, 
                73, 
                74, 
                75, 
                76, 
                77, 
                78, 
                79, 
                80, 
                81, 
                82, 
                83, 
                84, 
                85, 
                86]}, 
    {"id": "Universal Access", "country": ["Denmark",
        "Iceland",
        "Republic Of Korea",
        "Singapore",
        "Netherlands",
        "Finland",
        "Norway",
        "New Zealand",
        "Belgium",
        "Ireland",
        "Sweden",
        "Australia",
        "Estonia",
        "United Kingdom Of Great Britain And Northern Ireland",
        "Germany",
        "Switzerland",
        "Qatar",
        "Japan",
        "Canada",
        "Austria",
        "United States Of America",
        "France",
        "Portugal",
        "Spain",
        "Israel",
        "Hungary",
        "Czech Republic",
        "Poland",
        "Russian Federation",
        "Thailand",
        "United Arab Emirates",
        "Mauritius",
        "Italy",
        "Argentina",
        "Greece",
        "China",
        "Chile",
        "Uruguay",
        "Bahrain",
        "Ukraine",
        "Tunisia",
        "Colombia",
        "Turkey",
        "Costa Rica",
        "South Africa",
        "Saudi Arabia",
        "Ecuador",
        "Malaysia",
        "Indonesia",
        "Viet Nam",
        "Brazil",
        "Philippines",
        "Botswana",
        "Kazakhstan",
        "Mexico",
        "Peru",
        "Jamaica",
        "Venezuela (Bolivarian Republic Of)",
        "Namibia",
        "Egypt",
        "Bangladesh",
        "India",
        "Jordan",
        "Ghana",
        "Nigeria",
        "Kenya",
        "United Republic Of Tanzania",
        "Morocco",
        "Zimbabwe",
        "Zambia",
        "Haiti",
        "Senegal",
        "Nepal",
        "Rwanda",
        "Malawi",
        "Pakistan",
        "Benin",
        "Uganda",
        "Cameroon",
        "Mozambique",
        "Sierra Leone",
        "Mali",
        "Yemen",
        "Myanmar",
        "Burkina Faso",
        "Ethiopia"        

    ], "score": [100, 
        97, 
        96, 
        92, 
        90, 
        88, 
        88, 
        87, 
        87, 
        87, 
        85, 
        85, 
        84, 
        83, 
        80, 
        80, 
        80, 
        78, 
        77, 
        76, 
        76, 
        74, 
        74, 
        72, 
        71, 
        68, 
        67, 
        67, 
        64, 
        64, 
        64, 
        64, 
        62, 
        62, 
        61, 
        61, 
        60, 
        60, 
        60, 
        59, 
        59, 
        58, 
        58, 
        57, 
        56, 
        56, 
        55, 
        55, 
        54, 
        53, 
        52, 
        51, 
        50, 
        50, 
        50, 
        48, 
        48, 
        46, 
        46, 
        46, 
        44, 
        44, 
        44, 
        40, 
        37, 
        37, 
        32, 
        32, 
        32, 
        28, 
        27, 
        27, 
        27, 
        27, 
        26, 
        25, 
        23, 
        22, 
        20, 
        19, 
        14, 
        12, 
        10, 
        6, 
        3, 
        0

    ], "rank": [1, 
        2, 
        3, 
        4, 
        5, 
        6, 
        7, 
        8, 
        9, 
        10, 
        11, 
        12, 
        13, 
        14, 
        15, 
        16, 
        17, 
        18, 
        19, 
        20, 
        21, 
        22, 
        23, 
        24, 
        25, 
        26, 
        27, 
        28, 
        29, 
        30, 
        31, 
        32, 
        33, 
        34, 
        35, 
        36, 
        37, 
        38, 
        39, 
        40, 
        41, 
        42, 
        43, 
        44, 
        45, 
        46, 
        47, 
        48, 
        49, 
        50, 
        51, 
        52, 
        53, 
        54, 
        55, 
        56, 
        57, 
        58, 
        59, 
        60, 
        61, 
        62, 
        63, 
        64, 
        65, 
        66, 
        67, 
        68, 
        69, 
        70, 
        71, 
        72, 
        73, 
        74, 
        75, 
        76, 
        77, 
        78, 
        79, 
        80, 
        81, 
        82, 
        83, 
        84, 
        85, 
        86]},
    {"id": "Empowerment", "country": ["UK",
        "United States Of America",
        "Sweden",
        "Denmark",
        "Finland",
        "Norway",
        "France",
        "Netherlands",
        "Switzerland",
        "Austria",
        "Republic Of Korea",
        "Estonia",
        "Germany",
        "New Zealand",
        "Canada",
        "Iceland",
        "Belgium",
        "Singapore",
        "Australia",
        "Israel",
        "Japan",
        "Spain",
        "Ireland",
        "China",
        "Portugal",
        "Italy",
        "Chile",
        "Hungary",
        "Turkey",
        "Uruguay",
        "Russian Federation",
        "Czech Republic",
        "Brazil",
        "Colombia",
        "Argentina",
        "Costa Rica",
        "Mexico",
        "Poland",
        "Philippines",
        "India",
        "Kenya",
        "Malaysia",
        "Morocco",
        "Greece",
        "Tunisia",
        "Peru",
        "United Arab Emirates",
        "Mauritius",
        "South Africa",
        "Thailand",
        "Ecuador",
        "Ukraine",
        "Bahrain",
        "Jamaica",
        "Indonesia",
        "Venezuela (Bolivarian Republic Of)",
        "Egypt",
        "Uganda",
        "Rwanda",
        "Kazakhstan",
        "Jordan",
        "Nigeria",
        "Qatar",
        "Saudi Arabia",
        "Bangladesh",
        "Viet Nam",
        "Zambia",
        "United Republic Of Tanzania",
        "Nepal",
        "Zimbabwe",
        "Botswana",
        "Pakistan",
        "Senegal",
        "Ghana",
        "Mozambique",
        "Cameroon",
        "Mali",
        "Yemen",
        "Burkina Faso",
        "Myanmar",
        "Namibia",
        "Sierra Leone",
        "Malawi",
        "Ethiopia",
        "Benin",
        "Haiti"        

        ], "score": [100, 
            100, 
            95, 
            94, 
            93, 
            87, 
            86, 
            84, 
            83, 
            82, 
            82, 
            80, 
            78, 
            77, 
            77, 
            76, 
            76, 
            75, 
            74, 
            73, 
            66, 
            62, 
            58, 
            56, 
            56, 
            54, 
            53, 
            52, 
            51, 
            50, 
            49, 
            49, 
            48, 
            48, 
            46, 
            45, 
            45, 
            43, 
            41, 
            40, 
            40, 
            38, 
            37, 
            36, 
            36, 
            35, 
            34, 
            34, 
            32, 
            31, 
            30, 
            30, 
            28, 
            27, 
            27, 
            27, 
            26, 
            22, 
            22, 
            21, 
            20, 
            20, 
            19, 
            18, 
            17, 
            17, 
            16, 
            15, 
            15, 
            13, 
            13, 
            12, 
            12, 
            11, 
            8, 
            8, 
            6, 
            5, 
            4, 
            4, 
            4, 
            3, 
            2, 
            2, 
            0, 
            0            
    
        ], "rank": [1, 
            2, 
            3, 
            4, 
            5, 
            6, 
            7, 
            8, 
            9, 
            10, 
            11, 
            12, 
            13, 
            14, 
            15, 
            16, 
            17, 
            18, 
            19, 
            20, 
            21, 
            22, 
            23, 
            24, 
            25, 
            26, 
            27, 
            28, 
            29, 
            30, 
            31, 
            32, 
            33, 
            34, 
            35, 
            36, 
            37, 
            38, 
            39, 
            40, 
            41, 
            42, 
            43, 
            44, 
            45, 
            46, 
            47, 
            48, 
            49, 
            50, 
            51, 
            52, 
            53, 
            54, 
            55, 
            56, 
            57, 
            58, 
            59, 
            60, 
            61, 
            62, 
            63, 
            64, 
            65, 
            66, 
            67, 
            68, 
            69, 
            70, 
            71, 
            72, 
            73, 
            74, 
            75, 
            76, 
            77, 
            78, 
            79, 
            80, 
            81, 
            82, 
            83, 
            84, 
            85, 
            86
    
        ]},
        {"id": "Freedom & Openness", "country": ["Finland",
            "Norway",
            "Iceland",
            "Denmark",
            "Chile",
            "Belgium",
            "Germany",
            "Sweden",
            "Netherlands",
            "Ireland",
            "Austria",
            "Estonia",
            "Switzerland",
            "United States Of America",
            "Canada",
            "Czech Republic",
            "Portugal",
            "France",
            "Japan",
            "New Zealand",
            "United Kingdom Of Great Britain And Northern Ireland",
            "Greece",
            "Spain",
            "Australia",
            "Republic Of Korea",
            "Costa Rica",
            "Uruguay",
            "Brazil",
            "Italy",
            "Poland",
            "Hungary",
            "Israel",
            "Peru",
            "Jamaica",
            "Argentina",
            "Mauritius",
            "India",
            "South Africa",
            "Colombia",
            "Ukraine",
            "Tunisia",
            "Ghana",
            "Philippines",
            "Mexico",
            "Benin",
            "Morocco",
            "Namibia",
            "Singapore",
            "Burkina Faso",
            "Senegal",
            "Zambia",
            "Turkey",
            "Ecuador",
            "Uganda",
            "Russian Federation",
            "Nepal",
            "Sierra Leone",
            "Botswana",
            "Kenya",
            "Nigeria",
            "Indonesia",
            "Mozambique",
            "Malawi",
            "Malaysia",
            "Bangladesh",
            "Mali",
            "United Republic Of Tanzania",
            "Pakistan",
            "Haiti",
            "Thailand",
            "Zimbabwe",
            "Rwanda",
            "Kazakhstan",
            "Myanmar",
            "Cameroon",
            "Venezuela (Bolivarian Republic Of)",
            "United Arab Emirates",
            "Egypt",
            "Jordan",
            "China",
            "Qatar",
            "Yemen",
            "Viet Nam",
            "Ethiopia",
            "Bahrain",
            "Saudi Arabia"            

            ], "score": [100, 
                95, 
                95, 
                90, 
                88, 
                86, 
                86, 
                85, 
                83, 
                83, 
                83, 
                82, 
                81, 
                81, 
                80, 
                80, 
                79, 
                79, 
                78, 
                76, 
                76, 
                76, 
                75, 
                75, 
                75, 
                72, 
                71, 
                71, 
                71, 
                70, 
                67, 
                64, 
                63, 
                62, 
                60, 
                59, 
                57, 
                57, 
                55, 
                55, 
                55, 
                54, 
                53, 
                51, 
                49, 
                48, 
                42, 
                42, 
                42, 
                42, 
                42, 
                42, 
                41, 
                40, 
                40, 
                39, 
                39, 
                39, 
                39, 
                38, 
                38, 
                36, 
                35, 
                35, 
                34, 
                33, 
                30, 
                27, 
                25, 
                25, 
                24, 
                24, 
                21, 
                14, 
                13, 
                13, 
                12, 
                12, 
                11, 
                11, 
                9, 
                9, 
                6, 
                4, 
                2, 
                0               
        
            ], "rank": [1, 
                2, 
                3, 
                4, 
                5, 
                6, 
                7, 
                8, 
                9, 
                10, 
                11, 
                12, 
                13, 
                14, 
                15, 
                16, 
                17, 
                18, 
                19, 
                20, 
                21, 
                22, 
                23, 
                24, 
                25, 
                26, 
                27, 
                28, 
                29, 
                30, 
                31, 
                32, 
                33, 
                34, 
                35, 
                36, 
                37, 
                38, 
                39, 
                40, 
                41, 
                42, 
                43, 
                44, 
                45, 
                46, 
                47, 
                48, 
                49, 
                50, 
                51, 
                52, 
                53, 
                54, 
                55, 
                56, 
                57, 
                58, 
                59, 
                60, 
                61, 
                62, 
                63, 
                64, 
                65, 
                66, 
                67, 
                68, 
                69, 
                70, 
                71, 
                72, 
                73, 
                74, 
                75, 
                76, 
                77, 
                78, 
                79, 
                80, 
                81, 
                82, 
                83, 
                84, 
                85, 
                86
        
            ]},
            {"id": "Relevant Content & Use", "country": ["UK",
                "United States Of America",
                "France",
                "Republic Of Korea",
                "Norway",
                "Australia",
                "Sweden",
                "Denmark",
                "Finland",
                "Canada",
                "Netherlands",
                "Belgium",
                "New Zealand",
                "Iceland",
                "Austria",
                "Germany",
                "Chile",
                "Israel",
                "Japan",
                "Switzerland",
                "Singapore",
                "Estonia",
                "Spain",
                "Portugal",
                "Uruguay",
                "Ireland",
                "Russian Federation",
                "Hungary",
                "Mexico",
                "Argentina",
                "United Arab Emirates",
                "Greece",
                "Brazil",
                "Malaysia",
                "Colombia",
                "Costa Rica",
                "Italy",
                "Turkey",
                "Czech Republic",
                "Bahrain",
                "Tunisia",
                "China",
                "Kazakhstan",
                "Poland",
                "Philippines",
                "Qatar",
                "Ecuador",
                "Morocco",
                "Saudi Arabia",
                "Jamaica",
                "Indonesia",
                "Peru",
                "Mauritius",
                "Jordan",
                "Thailand",
                "South Africa",
                "Venezuela (Bolivarian Republic Of)",
                "Ukraine",
                "Egypt",
                "India",
                "Kenya",
                "Viet Nam",
                "Rwanda",
                "Nigeria",
                "Bangladesh",
                "Nepal",
                "Malawi",
                "Ghana",
                "Uganda",
                "Namibia",
                "Botswana",
                "Pakistan",
                "Burkina Faso",
                "United Republic Of Tanzania",
                "Zimbabwe",
                "Senegal",
                "Zambia",
                "Cameroon",
                "Haiti",
                "Yemen",
                "Ethiopia",
                "Mozambique",
                "Sierra Leone",
                "Mali",
                "Myanmar",
                "Benin"                

                ], "score": [100, 
                    98, 
                    97, 
                    97, 
                    97, 
                    95, 
                    93, 
                    92, 
                    91, 
                    90, 
                    90, 
                    89, 
                    89, 
                    86, 
                    84, 
                    82, 
                    81, 
                    79, 
                    78, 
                    77, 
                    76, 
                    76, 
                    74, 
                    71, 
                    71, 
                    70, 
                    70, 
                    67, 
                    67, 
                    66, 
                    64, 
                    62, 
                    60, 
                    60, 
                    59, 
                    59, 
                    58, 
                    56, 
                    56, 
                    55, 
                    53, 
                    51, 
                    49, 
                    48, 
                    46, 
                    44, 
                    42, 
                    42, 
                    40, 
                    39, 
                    38, 
                    38, 
                    38, 
                    37, 
                    36, 
                    36, 
                    35, 
                    35, 
                    35, 
                    34, 
                    33, 
                    28, 
                    25, 
                    21, 
                    21, 
                    20, 
                    19, 
                    19, 
                    18, 
                    17, 
                    16, 
                    14, 
                    14, 
                    14, 
                    12, 
                    12, 
                    10, 
                    8, 
                    7, 
                    7, 
                    7, 
                    6, 
                    6, 
                    4, 
                    0, 
                    0                 
                ], "rank": [1, 
                    2, 
                    3, 
                    4, 
                    5, 
                    6, 
                    7, 
                    8, 
                    9, 
                    10, 
                    11, 
                    12, 
                    13, 
                    14, 
                    15, 
                    16, 
                    17, 
                    18, 
                    19, 
                    20, 
                    21, 
                    22, 
                    23, 
                    24, 
                    25, 
                    26, 
                    27, 
                    28, 
                    29, 
                    30, 
                    31, 
                    32, 
                    33, 
                    34, 
                    35, 
                    36, 
                    37, 
                    38, 
                    39, 
                    40, 
                    41, 
                    42, 
                    43, 
                    44, 
                    45, 
                    46, 
                    47, 
                    48, 
                    49, 
                    50, 
                    51, 
                    52, 
                    53, 
                    54, 
                    55, 
                    56, 
                    57, 
                    58, 
                    59, 
                    60, 
                    61, 
                    62, 
                    63, 
                    64, 
                    65, 
                    66, 
                    67, 
                    68, 
                    69, 
                    70, 
                    71, 
                    72, 
                    73, 
                    74, 
                    75, 
                    76, 
                    77, 
                    78, 
                    79, 
                    80, 
                    81, 
                    82, 
                    83, 
                    84, 
                    85, 
                    86
            
                ]}]
  
}
  
  