[{"Countries":"Singapore","Avg_Monthly_Cost_in_GBP":39.8,"Avg_Download_Speed_Mbps":185.2,"Avg_Upload_Speed_Mbps":192.1},{"Countries":"Iceland","Avg_Monthly_Cost_in_GBP":60.6,"Avg_Download_Speed_Mbps":153.3,"Avg_Upload_Speed_Mbps":155.5},{"Countries":"Hungary","Avg_Monthly_Cost_in_GBP":14.5,"Avg_Download_Speed_Mbps":108.8,"Avg_Upload_Speed_Mbps":44.4},{"Countries":"Sweden","Avg_Monthly_Cost_in_GBP":44.2,"Avg_Download_Speed_Mbps":106.8,"Avg_Upload_Speed_Mbps":73.0},{"Countries":"Spain","Avg_Monthly_Cost_in_GBP":33.5,"Avg_Download_Speed_Mbps":105.0,"Avg_Upload_Speed_Mbps":87.5},{"Countries":"Switzerland","Avg_Monthly_Cost_in_GBP":63.2,"Avg_Download_Speed_Mbps":104.2,"Avg_Upload_Speed_Mbps":65.4},{"Countries":"Luxembourg","Avg_Monthly_Cost_in_GBP":56.2,"Avg_Download_Speed_Mbps":101.5,"Avg_Upload_Speed_Mbps":65.5},{"Countries":"Norway","Avg_Monthly_Cost_in_GBP":58.4,"Avg_Download_Speed_Mbps":98.7,"Avg_Upload_Speed_Mbps":75.7},{"Countries":"France","Avg_Monthly_Cost_in_GBP":24.6,"Avg_Download_Speed_Mbps":96.1,"Avg_Upload_Speed_Mbps":49.0},{"Countries":"Denmark","Avg_Monthly_Cost_in_GBP":40.4,"Avg_Download_Speed_Mbps":91.3,"Avg_Upload_Speed_Mbps":67.1},{"Countries":"Canada","Avg_Monthly_Cost_in_GBP":45.6,"Avg_Download_Speed_Mbps":91.0,"Avg_Upload_Speed_Mbps":38.6},{"Countries":"Japan","Avg_Monthly_Cost_in_GBP":29.4,"Avg_Download_Speed_Mbps":89.0,"Avg_Upload_Speed_Mbps":97.5},{"Countries":"Netherlands","Avg_Monthly_Cost_in_GBP":46.8,"Avg_Download_Speed_Mbps":86.1,"Avg_Upload_Speed_Mbps":41.8},{"Countries":"Portugal","Avg_Monthly_Cost_in_GBP":48.3,"Avg_Download_Speed_Mbps":73.6,"Avg_Upload_Speed_Mbps":39.7},{"Countries":"Lithuania","Avg_Monthly_Cost_in_GBP":13.3,"Avg_Download_Speed_Mbps":71.4,"Avg_Upload_Speed_Mbps":63.1},{"Countries":"Barbados","Avg_Monthly_Cost_in_GBP":88.4,"Avg_Download_Speed_Mbps":70.4,"Avg_Upload_Speed_Mbps":38.4},{"Countries":"Israel","Avg_Monthly_Cost_in_GBP":10.3,"Avg_Download_Speed_Mbps":69.2,"Avg_Upload_Speed_Mbps":15.4},{"Countries":"Germany","Avg_Monthly_Cost_in_GBP":29.0,"Avg_Download_Speed_Mbps":65.2,"Avg_Upload_Speed_Mbps":15.8},{"Countries":"Belgium","Avg_Monthly_Cost_in_GBP":36.1,"Avg_Download_Speed_Mbps":63.8,"Avg_Upload_Speed_Mbps":13.6},{"Countries":"Malta","Avg_Monthly_Cost_in_GBP":42.4,"Avg_Download_Speed_Mbps":62.0,"Avg_Upload_Speed_Mbps":11.1},{"Countries":"Ireland","Avg_Monthly_Cost_in_GBP":51.4,"Avg_Download_Speed_Mbps":56.4,"Avg_Upload_Speed_Mbps":19.7},{"Countries":"Poland","Avg_Monthly_Cost_in_GBP":14.4,"Avg_Download_Speed_Mbps":55.4,"Avg_Upload_Speed_Mbps":20.5},{"Countries":"Chile","Avg_Monthly_Cost_in_GBP":36.0,"Avg_Download_Speed_Mbps":54.8,"Avg_Upload_Speed_Mbps":12.7},{"Countries":"Latvia","Avg_Monthly_Cost_in_GBP":14.8,"Avg_Download_Speed_Mbps":52.9,"Avg_Upload_Speed_Mbps":51.2},{"Countries":"Finland","Avg_Monthly_Cost_in_GBP":41.3,"Avg_Download_Speed_Mbps":51.6,"Avg_Upload_Speed_Mbps":23.0},{"Countries":"Estonia","Avg_Monthly_Cost_in_GBP":21.8,"Avg_Download_Speed_Mbps":47.9,"Avg_Upload_Speed_Mbps":33.0},{"Countries":"Slovenia","Avg_Monthly_Cost_in_GBP":25.1,"Avg_Download_Speed_Mbps":45.5,"Avg_Upload_Speed_Mbps":15.6},{"Countries":"Panama","Avg_Monthly_Cost_in_GBP":85.6,"Avg_Download_Speed_Mbps":45.4,"Avg_Upload_Speed_Mbps":9.0},{"Countries":"Italy","Avg_Monthly_Cost_in_GBP":23.3,"Avg_Download_Speed_Mbps":42.8,"Avg_Upload_Speed_Mbps":15.4},{"Countries":"Austria","Avg_Monthly_Cost_in_GBP":40.0,"Avg_Download_Speed_Mbps":37.4,"Avg_Upload_Speed_Mbps":11.7},{"Countries":"Uruguay","Avg_Monthly_Cost_in_GBP":36.7,"Avg_Download_Speed_Mbps":35.3,"Avg_Upload_Speed_Mbps":9.9},{"Countries":"Qatar","Avg_Monthly_Cost_in_GBP":111.1,"Avg_Download_Speed_Mbps":34.0,"Avg_Upload_Speed_Mbps":18.6},{"Countries":"Australia","Avg_Monthly_Cost_in_GBP":41.7,"Avg_Download_Speed_Mbps":33.0,"Avg_Upload_Speed_Mbps":12.8},{"Countries":"Croatia","Avg_Monthly_Cost_in_GBP":21.1,"Avg_Download_Speed_Mbps":29.2,"Avg_Upload_Speed_Mbps":12.6},{"Countries":"Mexico","Avg_Monthly_Cost_in_GBP":26.3,"Avg_Download_Speed_Mbps":24.8,"Avg_Upload_Speed_Mbps":10.1},{"Countries":"Argentina","Avg_Monthly_Cost_in_GBP":12.2,"Avg_Download_Speed_Mbps":24.1,"Avg_Upload_Speed_Mbps":5.6},{"Countries":"Cyprus","Avg_Monthly_Cost_in_GBP":41.9,"Avg_Download_Speed_Mbps":23.0,"Avg_Upload_Speed_Mbps":5.4},{"Countries":"Oman","Avg_Monthly_Cost_in_GBP":119.0,"Avg_Download_Speed_Mbps":22.0,"Avg_Upload_Speed_Mbps":6.9},{"Countries":"Kuwait","Avg_Monthly_Cost_in_GBP":43.1,"Avg_Download_Speed_Mbps":21.8,"Avg_Upload_Speed_Mbps":18.6},{"Countries":"Greece","Avg_Monthly_Cost_in_GBP":46.0,"Avg_Download_Speed_Mbps":19.9,"Avg_Upload_Speed_Mbps":13.8},{"Countries":"Turkey","Avg_Monthly_Cost_in_GBP":12.6,"Avg_Download_Speed_Mbps":18.8,"Avg_Upload_Speed_Mbps":5.5},{"Countries":"Bahrain","Avg_Monthly_Cost_in_GBP":76.1,"Avg_Download_Speed_Mbps":18.3,"Avg_Upload_Speed_Mbps":6.1},{"Countries":"United States","Avg_Monthly_Cost_in_GBP":53.5,"Avg_Download_Speed_Mbps":107.3,"Avg_Upload_Speed_Mbps":37.1},{"Countries":"New Zealand","Avg_Monthly_Cost_in_GBP":46.4,"Avg_Download_Speed_Mbps":84.0,"Avg_Upload_Speed_Mbps":47.6},{"Countries":"United Kingdom","Avg_Monthly_Cost_in_GBP":31.3,"Avg_Download_Speed_Mbps":55.1,"Avg_Upload_Speed_Mbps":12.7},{"Countries":"Czech Republic","Avg_Monthly_Cost_in_GBP":20.5,"Avg_Download_Speed_Mbps":44.6,"Avg_Upload_Speed_Mbps":23.6},{"Countries":"Saudi Arabia","Avg_Monthly_Cost_in_GBP":75.6,"Avg_Download_Speed_Mbps":29.8,"Avg_Upload_Speed_Mbps":12.6},{"Countries":"United Arab Emirates","Avg_Monthly_Cost_in_GBP":124.1,"Avg_Download_Speed_Mbps":38.2,"Avg_Upload_Speed_Mbps":13.6}]