[{"Countries":"Algeria","Internet Users":"25428159","Penetration (% Population)":"58.0 %","Population":"43851044","Region":"Africa","Longitude":3.05097,"Latitude":36.7397},{"Countries":"Angola","Internet Users":"7078067","Penetration (% Population)":"21.5 %","Population":"32866272","Region":"Africa","Longitude":13.242,"Latitude":-8.81155},{"Countries":"Benin","Internet Users":"3801758","Penetration (% Population)":"31.4 %","Population":"12123200","Region":"Africa","Longitude":2.6323,"Latitude":6.4779},{"Countries":"Botswana","Internet Users":"1116079","Penetration (% Population)":"47.5 %","Population":"2351627","Region":"Africa","Longitude":25.9201,"Latitude":-24.6544},{"Countries":"Burkina Faso","Internet Users":"3704265","Penetration (% Population)":"17.7 %","Population":"20903273","Region":"Africa","Longitude":-1.53395,"Latitude":12.3605},{"Countries":"Burundi","Internet Users":"1154568","Penetration (% Population)":"9.7 %","Population":"11890784","Region":"Africa","Longitude":29.3639,"Latitude":-3.3784},{"Countries":"Cameroon","Internet Users":"6128422","Penetration (% Population)":"23.1 %","Population":"26545863","Region":"Africa","Longitude":11.5174,"Latitude":3.8721},{"Countries":"Chad","Internet Users":"1027932","Penetration (% Population)":"6.3 %","Population":"16425864","Region":"Africa","Longitude":15.0445,"Latitude":12.1048},{"Countries":"Comoros","Internet Users":"178500","Penetration (% Population)":"20.5%","Population":"869901","Region":"Africa","Longitude":43.2418,"Latitude":-11.6986},{"Countries":"Djibouti","Internet Users":"548832","Penetration (% Population)":"55.5 %","Population":"988000","Region":"Africa","Longitude":43.1425,"Latitude":11.5806},{"Countries":"Equatorial Guinea","Internet Users":"356891","Penetration (% Population)":"25.4 %","Population":"1402985","Region":"Africa","Longitude":8.7741,"Latitude":3.7523},{"Countries":"Eritrea","Internet Users":"293343","Penetration (% Population)":"8.3 %","Population":"3546421","Region":"Africa","Longitude":38.9183,"Latitude":15.3315},{"Countries":"Eswatini","Internet Users":"665245","Penetration (% Population)":"57.3 %","Population":"1160164","Region":"Africa","Longitude":31.4659,"Latitude":-26.5225},{"Countries":"Ethiopia","Internet Users":"20507255","Penetration (% Population)":"17.8 %","Population":"114963588","Region":"Africa","Longitude":38.7468,"Latitude":9.02274},{"Countries":"Gabon","Internet Users":"1307641","Penetration (% Population)":"58.8 %","Population":"2225734","Region":"Africa","Longitude":9.45162,"Latitude":0.38832},{"Countries":"Ghana","Internet Users":"11737818","Penetration (% Population)":"37.8 %","Population":"31072940","Region":"Africa","Longitude":-0.20795,"Latitude":5.57045},{"Countries":"Guinea","Internet Users":"2411672","Penetration (% Population)":"18.4 %","Population":"13132795","Region":"Africa","Longitude":-13.7,"Latitude":9.51667},{"Countries":"Guinea-Bissau","Internet Users":"250000","Penetration (% Population)":"12.7 %","Population":"1968001","Region":"Africa","Longitude":-15.1804,"Latitude":11.8037},{"Countries":"Kenya","Internet Users":"46870422","Penetration (% Population)":"87.2 %","Population":"53771296","Region":"Africa","Longitude":36.8126,"Latitude":-1.27975},{"Countries":"Lesotho","Internet Users":"682990","Penetration (% Population)":"31.9 %","Population":"2142249","Region":"Africa","Longitude":27.7167,"Latitude":-29.5208},{"Countries":"Liberia","Internet Users":"624610","Penetration (% Population)":"12.3 %","Population":"5057681","Region":"Africa","Longitude":-10.7957,"Latitude":6.30039},{"Countries":"Libya","Internet Users":"5100000","Penetration (% Population)":"74.2 %","Population":"6871292","Region":"Africa","Longitude":13.1072,"Latitude":32.8578},{"Countries":"Madagascar","Internet Users":"2643025","Penetration (% Population)":"9.5 %","Population":"27691018","Region":"Africa","Longitude":45.7167,"Latitude":-20.4667},{"Countries":"Malawi","Internet Users":"2717243","Penetration (% Population)":"14.2 %","Population":"19129952","Region":"Africa","Longitude":33.7703,"Latitude":-13.9899},{"Countries":"Mali","Internet Users":"12480176","Penetration (% Population)":"61.6 %","Population":"20250833","Region":"Africa","Longitude":-7.50034,"Latitude":13.5667},{"Countries":"Mauritania","Internet Users":"969519","Penetration (% Population)":"20.9 %","Population":"4649658","Region":"Africa","Longitude":-15.9824,"Latitude":18.2367},{"Countries":"Mauritius","Internet Users":"852000","Penetration (% Population)":"67.0 %","Population":"1271768","Region":"Africa","Longitude":57.4977,"Latitude":-20.1605},{"Countries":"Morocco","Internet Users":"23739581","Penetration (% Population)":"64.3 %","Population":"36910560","Region":"Africa","Longitude":-6.8704,"Latitude":33.9905},{"Countries":"Mozambique","Internet Users":"6523613","Penetration (% Population)":"20.9 %","Population":"31255435","Region":"Africa","Longitude":32.5713,"Latitude":-25.9664},{"Countries":"Namibia","Internet Users":"1347418","Penetration (% Population)":"53.0 %","Population":"2540905","Region":"Africa","Longitude":17.0931,"Latitude":-22.5648},{"Countries":"Niger","Internet Users":"2781266","Penetration (% Population)":"11.5 %","Population":"24206644","Region":"Africa","Longitude":2.1073,"Latitude":13.514},{"Countries":"Nigeria","Internet Users":"126078999","Penetration (% Population)":"61.2 %","Population":"206139589","Region":"Africa","Longitude":7.48906,"Latitude":9.05804},{"Countries":"Rwanda","Internet Users":"5981638","Penetration (% Population)":"46.2 %","Population":"12952218","Region":"Africa","Longitude":30.0587,"Latitude":-1.95325},{"Countries":"Senegal","Internet Users":"9749527","Penetration (% Population)":"58.2 %","Population":"16743927","Region":"Africa","Longitude":-17.4734,"Latitude":14.7247},{"Countries":"Seychelles","Internet Users":"71300","Penetration (% Population)":"72.5 %","Population":"98347","Region":"Africa","Longitude":55.4466,"Latitude":-4.6309},{"Countries":"Somalia","Internet Users":"1705300","Penetration (% Population)":"10.7 %","Population":"15893222","Region":"Africa","Longitude":45.3254,"Latitude":2.07515},{"Countries":"South Sudan","Internet Users":"887722","Penetration (% Population)":"7.9 %","Population":"11193725","Region":"Africa","Longitude":31.6,"Latitude":4.85},{"Countries":"Sudan","Internet Users":"13124100","Penetration (% Population)":"29.9 %","Population":"43849260","Region":"Africa","Longitude":32.5363,"Latitude":15.5932},{"Countries":"Tanzania","Internet Users":"23142960","Penetration (% Population)":"38.7 %","Population":"59734218","Region":"Africa","Longitude":35.7382,"Latitude":-6.17486},{"Countries":"Togo","Internet Users":"1011837","Penetration (% Population)":"12.2 %","Population":"8278724","Region":"Africa","Longitude":1.2255,"Latitude":6.1228},{"Countries":"Tunisia","Internet Users":"7898534","Penetration (% Population)":"66.8 %","Population":"11818619","Region":"Africa","Longitude":10.21,"Latitude":36.7899},{"Countries":"Uganda","Internet Users":"18502166","Penetration (% Population)":"40.4 %","Population":"45741007","Region":"Africa","Longitude":32.5729,"Latitude":0.314269},{"Countries":"Zambia","Internet Users":"9870427","Penetration (% Population)":"53.7 %","Population":"18383955","Region":"Africa","Longitude":28.2937,"Latitude":-15.3982},{"Countries":"Zimbabwe","Internet Users":"8400000","Penetration (% Population)":"56.5 %","Population":"14862924","Region":"Africa","Longitude":31.0672,"Latitude":-17.8312},{"Countries":"Argentina","Internet Users":"41586960","Penetration (% Population)":"93.1 %","Population":"44688864","Region":"America","Longitude":-58.4173,"Latitude":-34.6118},{"Countries":"Aruba","Internet Users":"100000","Penetration (% Population)":"94.6 %","Population":"105670","Region":"America","Longitude":-70.0167,"Latitude":12.5167},{"Countries":"Barbados","Internet Users":"228717","Penetration (% Population)":"79.9 %","Population":"286388","Region":"America","Longitude":-59.6105,"Latitude":13.0935},{"Countries":"Belize","Internet Users":"200020","Penetration (% Population)":"52.3 %","Population":"382444","Region":"America","Longitude":-88.7713,"Latitude":17.2534},{"Countries":"Bermuda","Internet Users":"60122","Penetration (% Population)":"98.0 %","Population":"61349","Region":"America","Longitude":-64.706,"Latitude":32.3293},{"Countries":"Bolivia","Internet Users":"8817749","Penetration (% Population)":"78.6 %","Population":"11215674","Region":"America","Longitude":-66.1936,"Latitude":-13.9908},{"Countries":"Brazil","Internet Users":"149057635","Penetration (% Population)":"70.7 %","Population":"210867954","Region":"America","Longitude":-47.9292,"Latitude":-15.7801},{"Countries":"British Virgin Islands","Internet Users":"14620","Penetration (% Population)":"46.9 %","Population":"31196","Region":"America","Longitude":-64.623056,"Latitude":18.431389},{"Countries":"Canada","Internet Users":"33221435","Penetration (% Population)":"89.9 %","Population":"36953765","Region":"America","Longitude":-75.6919,"Latitude":45.4215},{"Countries":"Cayman Islands","Internet Users":"54630","Penetration (% Population)":"88.7 %","Population":"61559","Region":"America","Longitude":-81.3857,"Latitude":19.3022},{"Countries":"Chile","Internet Users":"14108392","Penetration (% Population)":"77.5 %","Population":"18197209","Region":"America","Longitude":-70.6475,"Latitude":-33.475},{"Countries":"Colombia","Internet Users":"31275567","Penetration (% Population)":"63.2 %","Population":"49464683","Region":"America","Longitude":-74.082,"Latitude":4.60987},{"Countries":"Costa Rica","Internet Users":"4296443","Penetration (% Population)":"86.7 %","Population":"4953199","Region":"America","Longitude":-84.0089,"Latitude":9.63701},{"Countries":"Cuba","Internet Users":"4630000","Penetration (% Population)":"40.3 %","Population":"11489082","Region":"America","Longitude":-82.3667,"Latitude":23.1333},{"Countries":"Dominica","Internet Users":"49687","Penetration (% Population)":"67.2 %","Population":"73925","Region":"America","Longitude":-61.39,"Latitude":15.2976},{"Countries":"Dominican Republic","Internet Users":"6649904","Penetration (% Population)":"61.1 %","Population":"10882996","Region":"America","Longitude":-69.8908,"Latitude":18.479},{"Countries":"Ecuador","Internet Users":"13476687","Penetration (% Population)":"79.9 %","Population":"16863425","Region":"America","Longitude":-78.5243,"Latitude":-0.229498},{"Countries":"El Salvador","Internet Users":"3700000","Penetration (% Population)":"57.7 %","Population":"6411558","Region":"America","Longitude":-89.2073,"Latitude":13.7034},{"Countries":"Greenland","Internet Users":"52000","Penetration (% Population)":"92.1 %","Population":"56480","Region":"America","Longitude":-51.7214,"Latitude":64.1836},{"Countries":"Grenada","Internet Users":"69245","Penetration (% Population)":"63.9 %","Population":"108339","Region":"America","Longitude":-61.7449,"Latitude":12.0653},{"Countries":"Guatemala","Internet Users":"7268597","Penetration (% Population)":"42.1 %","Population":"17245346","Region":"America","Longitude":-90.5328,"Latitude":14.6248},{"Countries":"Guyana","Internet Users":"395007","Penetration (% Population)":"50.5 %","Population":"782225","Region":"America","Longitude":-58.1548,"Latitude":6.80461},{"Countries":"Haiti","Internet Users":"2000000","Penetration (% Population)":"18.0 %","Population":"11112945","Region":"America","Longitude":-72.3288,"Latitude":18.5392},{"Countries":"Honduras","Internet Users":"3600000","Penetration (% Population)":"38.2 %","Population":"9417167","Region":"America","Longitude":-87.4667,"Latitude":15.1333},{"Countries":"Jamaica","Internet Users":"1581100","Penetration (% Population)":"54.5 %","Population":"2898677","Region":"America","Longitude":-76.792,"Latitude":17.9927},{"Countries":"Mexico","Internet Users":"85000000","Penetration (% Population)":"65.0 %","Population":"130759074","Region":"America","Longitude":-99.1276,"Latitude":19.427},{"Countries":"Nicaragua","Internet Users":"2700000","Penetration (% Population)":"43.0 %","Population":"6284757","Region":"America","Longitude":-86.2734,"Latitude":12.1475},{"Countries":"Panama","Internet Users":"2899892","Penetration (% Population)":"69.7 %","Population":"4162618","Region":"America","Longitude":-79.5188,"Latitude":8.99427},{"Countries":"Paraguay","Internet Users":"6177748","Penetration (% Population)":"89.6 %","Population":"6896908","Region":"America","Longitude":-57.6362,"Latitude":-25.3005},{"Countries":"Peru","Internet Users":"22000000","Penetration (% Population)":"67.6 %","Population":"32551815","Region":"America","Longitude":-77.0465,"Latitude":-12.0931},{"Countries":"Puerto Rico","Internet Users":"3047311","Penetration (% Population)":"83.3 %","Population":"3659007","Region":"America","Longitude":-66.0,"Latitude":18.23},{"Countries":"Suriname","Internet Users":"340000","Penetration (% Population)":"59.8 %","Population":"568301","Region":"America","Longitude":-55.1679,"Latitude":5.8232},{"Countries":"United States","Internet Users":"312322257","Penetration (% Population)":"95.6 %","Population":"326766748","Region":"America","Longitude":-77.032,"Latitude":38.8895},{"Countries":"Uruguay","Internet Users":"3059727","Penetration (% Population)":"88.2 %","Population":"3469551","Region":"America","Longitude":-56.0675,"Latitude":-34.8941},{"Countries":"Armenia","Internet Users":"2126716","Penetration (% Population)":"71.8  %","Population":"2963243","Region":"Asia","Longitude":44.509,"Latitude":40.1596},{"Countries":"Azerbaijan","Internet Users":"7991630","Penetration (% Population)":"78.8  %","Population":"10139177","Region":"Asia","Longitude":49.8932,"Latitude":40.3834},{"Countries":"Bangladesh","Internet Users":"96199000","Penetration (% Population)":"58.4  %","Population":"164689383","Region":"Asia","Longitude":90.4113,"Latitude":23.7055},{"Countries":"Bhutan","Internet Users":"397499","Penetration (% Population)":"51.5  %","Population":"771608","Region":"Asia","Longitude":89.6177,"Latitude":27.5768},{"Countries":"Cambodia","Internet Users":"8005551","Penetration (% Population)":"47.9  %","Population":"16718965","Region":"Asia","Longitude":104.874,"Latitude":11.5556},{"Countries":"Georgia","Internet Users":"2658311","Penetration (% Population)":"66.6 %","Population":"3989167","Region":"Asia","Longitude":44.793,"Latitude":41.71},{"Countries":"India","Internet Users":"560000000","Penetration (% Population)":"40.6  %","Population":"1380004385","Region":"Asia","Longitude":77.225,"Latitude":28.6353},{"Countries":"Indonesia","Internet Users":"171260000","Penetration (% Population)":"62.6  %","Population":"273523615","Region":"Asia","Longitude":106.83,"Latitude":-6.19752},{"Countries":"Japan","Internet Users":"118626672","Penetration (% Population)":"93.8 %","Population":"126476461","Region":"Asia","Longitude":139.77,"Latitude":35.67},{"Countries":"Kazakhstan","Internet Users":"14669853","Penetration (% Population)":"78.1  %","Population":"18776707","Region":"Asia","Longitude":71.4382,"Latitude":51.1879},{"Countries":"Malaysia","Internet Users":"26353017","Penetration (% Population)":"81.4 %","Population":"32365999","Region":"Asia","Longitude":101.684,"Latitude":3.12433},{"Countries":"Maldives","Internet Users":"370000","Penetration (% Population)":"68.4  %","Population":"540544","Region":"Asia","Longitude":73.5109,"Latitude":4.1742},{"Countries":"Mongolia","Internet Users":"2233000","Penetration (% Population)":"68.1 %","Population":"3278290","Region":"Asia","Longitude":106.937,"Latitude":47.9129},{"Countries":"Myanmar","Internet Users":"22200000","Penetration (% Population)":"40.8  %","Population":"54409800","Region":"Asia","Longitude":95.9562,"Latitude":21.914},{"Countries":"Nepal","Internet Users":"16190000","Penetration (% Population)":"55.6  %","Population":"29136808","Region":"Asia","Longitude":85.3157,"Latitude":27.6939},{"Countries":"Pakistan","Internet Users":"71608065","Penetration (% Population)":"32.4  %","Population":"220892340","Region":"Asia","Longitude":72.8,"Latitude":30.5167},{"Countries":"Philippines","Internet Users":"79000000","Penetration (% Population)":"72.1  %","Population":"109581078","Region":"Asia","Longitude":121.035,"Latitude":14.5515},{"Countries":"Singapore","Internet Users":"5173907","Penetration (% Population)":"88.4 %","Population":"5850342","Region":"Asia","Longitude":103.85,"Latitude":1.28941},{"Countries":"Tajikistan","Internet Users":"3013256","Penetration (% Population)":"31.6  %","Population":"9537645","Region":"Asia","Longitude":68.7864,"Latitude":38.5878},{"Countries":"Thailand","Internet Users":"57000000","Penetration (% Population)":"81.7 %","Population":"69799978","Region":"Asia","Longitude":100.521,"Latitude":13.7308},{"Countries":"Timor-Leste","Internet Users":"410000","Penetration (% Population)":"31.1  %","Population":"1318445","Region":"Asia","Longitude":125.567,"Latitude":-8.56667},{"Countries":"Turkmenistan","Internet Users":"1262794","Penetration (% Population)":"20.9  %","Population":"6031200","Region":"Asia","Longitude":58.3794,"Latitude":37.9509},{"Countries":"Uzbekistan","Internet Users":"17161534","Penetration (% Population)":"51.3  %","Population":"33469203","Region":"Asia","Longitude":69.269,"Latitude":41.3052},{"Countries":"Vietnam","Internet Users":"68541344","Penetration (% Population)":"70.4 %","Population":"97338579","Region":"Asia","Longitude":105.825,"Latitude":21.0069},{"Countries":"Albania","Internet Users":"2160000","Penetration (% Population)":"73.5  %","Population":"2938428","Region":"Europe","Longitude":19.8172,"Latitude":41.3317},{"Countries":"Andorra","Internet Users":"76242","Penetration (% Population)":"98.9 %","Population":"77072","Region":"Europe","Longitude":1.5218,"Latitude":42.5075},{"Countries":"Austria","Internet Users":"7708997","Penetration (% Population)":"87.9 %","Population":"8766201","Region":"Europe","Longitude":16.3798,"Latitude":48.2201},{"Countries":"Belarus","Internet Users":"7521628","Penetration (% Population)":"79.7 %","Population":"9433874","Region":"Europe","Longitude":27.5766,"Latitude":53.9678},{"Countries":"Belgium","Internet Users":"10857126","Penetration (% Population)":"93.9 %","Population":"11562784","Region":"Europe","Longitude":4.36761,"Latitude":50.8371},{"Countries":"Bulgaria","Internet Users":"4663065","Penetration (% Population)":"66.7 %","Population":"6988739","Region":"Europe","Longitude":23.3238,"Latitude":42.7105},{"Countries":"Croatia","Internet Users":"3787838","Penetration (% Population)":"91.5 %","Population":"4140148","Region":"Europe","Longitude":15.9614,"Latitude":45.8069},{"Countries":"Cyprus","Internet Users":"1011831","Penetration (% Population)":"84.4%","Population":"1198427","Region":"Europe","Longitude":33.3736,"Latitude":35.1676},{"Countries":"Czech Republic","Internet Users":"9323428","Penetration (% Population)":"87.7 %","Population":"10630589","Region":"Europe","Longitude":14.4205,"Latitude":50.0878},{"Countries":"Denmark","Internet Users":"5649494","Penetration (% Population)":"97.8 %","Population":"5775224","Region":"Europe","Longitude":12.5681,"Latitude":55.6763},{"Countries":"Estonia","Internet Users":"1276521","Penetration (% Population)":"97.9 %","Population":"1303798","Region":"Europe","Longitude":24.7586,"Latitude":59.4392},{"Countries":"Faroe Islands","Internet Users":"48489","Penetration (% Population)":"97.6 %","Population":"49692","Region":"Europe","Longitude":-6.91181,"Latitude":61.8926},{"Countries":"Finland","Internet Users":"5225678","Penetration (% Population)":"94.0 %","Population":"5561389","Region":"Europe","Longitude":24.9525,"Latitude":60.1608},{"Countries":"France","Internet Users":"60421689","Penetration (% Population)":"92.3 %","Population":"65480710","Region":"Europe","Longitude":2.35097,"Latitude":48.8566},{"Countries":"Germany","Internet Users":"79127551","Penetration (% Population)":"96.0 %","Population":"82438639","Region":"Europe","Longitude":13.4115,"Latitude":52.5235},{"Countries":"Greece","Internet Users":"8115397","Penetration (% Population)":"72.9 %","Population":"11124603","Region":"Europe","Longitude":23.7166,"Latitude":37.9792},{"Countries":"Hungary","Internet Users":"8588776","Penetration (% Population)":"89.0 %","Population":"9655361","Region":"Europe","Longitude":19.0408,"Latitude":47.4984},{"Countries":"Iceland","Internet Users":"337194","Penetration (% Population)":"99.0 %","Population":"340566","Region":"Europe","Longitude":-21.8952,"Latitude":64.1353},{"Countries":"Ireland","Internet Users":"4453436","Penetration (% Population)":"91.9 %","Population":"4847139","Region":"Europe","Longitude":-6.26749,"Latitude":53.3441},{"Countries":"Italy","Internet Users":"54798299","Penetration (% Population)":"92.5 %","Population":"59216525","Region":"Europe","Longitude":12.4823,"Latitude":41.8955},{"Countries":"Kosovo","Internet Users":"1693942","Penetration (% Population)":"88.8 %","Population":"1907592","Region":"Europe","Longitude":20.926,"Latitude":42.565},{"Countries":"Latvia","Internet Users":"1663739","Penetration (% Population)":"87.1 %","Population":"1911108","Region":"Europe","Longitude":24.1048,"Latitude":56.9465},{"Countries":"Liechtenstein","Internet Users":"37674","Penetration (% Population)":"98.1 %","Population":"38404","Region":"Europe","Longitude":9.52148,"Latitude":47.1411},{"Countries":"Lithuania","Internet Users":"2603900","Penetration (% Population)":"90.9 %","Population":"2864459","Region":"Europe","Longitude":25.2799,"Latitude":54.6896},{"Countries":"Luxembourg","Internet Users":"584037","Penetration (% Population)":"97.8 %","Population":"596992","Region":"Europe","Longitude":6.1296,"Latitude":49.61},{"Countries":"Malta","Internet Users":"360056","Penetration (% Population)":"83.1 %","Population":"433245","Region":"Europe","Longitude":14.5189,"Latitude":35.9042},{"Countries":"Moldova","Internet Users":"3067446","Penetration (% Population)":"76.1 %","Population":"4029750","Region":"Europe","Longitude":28.8497,"Latitude":47.0167},{"Countries":"Monaco","Internet Users":"38124","Penetration (% Population)":"97.5 %","Population":"39102","Region":"Europe","Longitude":7.41891,"Latitude":43.7325},{"Countries":"Montenegro","Internet Users":"449989","Penetration (% Population)":"71.5 %","Population":"629355","Region":"Europe","Longitude":19.2595,"Latitude":42.4602},{"Countries":"Netherlands","Internet Users":"16383879","Penetration (% Population)":"95.6 %","Population":"17132908","Region":"Europe","Longitude":4.89095,"Latitude":52.3738},{"Countries":"North Macedonia","Internet Users":"1652056","Penetration (% Population)":"79.2 %","Population":"2086720","Region":"Europe","Longitude":21.4361,"Latitude":42.0024},{"Countries":"Norway","Internet Users":"5311892","Penetration (% Population)":"98.4 %","Population":"5400916","Region":"Europe","Longitude":10.7387,"Latitude":59.9138},{"Countries":"Poland","Internet Users":"29757099","Penetration (% Population)":"78.2 %","Population":"38028278","Region":"Europe","Longitude":21.02,"Latitude":52.26},{"Countries":"Portugal","Internet Users":"8015519","Penetration (% Population)":"78.2 %","Population":"10254666","Region":"Europe","Longitude":-9.13552,"Latitude":38.7072},{"Countries":"Romania","Internet Users":"14387477","Penetration (% Population)":"73.8 %","Population":"19483360","Region":"Europe","Longitude":26.0979,"Latitude":44.4479},{"Countries":"San Marino","Internet Users":"20270","Penetration (% Population)":"60.2 %","Population":"33683","Region":"Europe","Longitude":12.4486,"Latitude":43.9322},{"Countries":"Serbia","Internet Users":"6406827","Penetration (% Population)":"73.4 %","Population":"8733407","Region":"Europe","Longitude":20.4656,"Latitude":44.8024},{"Countries":"Slovenia","Internet Users":"1663795","Penetration (% Population)":"79.9 %","Population":"2081900","Region":"Europe","Longitude":14.5044,"Latitude":46.0546},{"Countries":"Spain","Internet Users":"42961230","Penetration (% Population)":"92.5 %","Population":"46441049","Region":"Europe","Longitude":-3.70327,"Latitude":40.4167},{"Countries":"Sweden","Internet Users":"9692227","Penetration (% Population)":"96.4 %","Population":"10053135","Region":"Europe","Longitude":18.0645,"Latitude":59.3327},{"Countries":"Switzerland","Internet Users":"8066800","Penetration (% Population)":"93.7 %","Population":"8608259","Region":"Europe","Longitude":7.44821,"Latitude":46.948},{"Countries":"Turkey","Internet Users":"69107183","Penetration (% Population)":"83.3 %","Population":"82961805","Region":"Europe","Longitude":32.3606,"Latitude":39.7153},{"Countries":"Ukraine","Internet Users":"40912381","Penetration (% Population)":"93.4 %","Population":"43795220","Region":"Europe","Longitude":30.5038,"Latitude":50.4536},{"Countries":"United Kingdom","Internet Users":"63544106","Penetration (% Population)":"94.9 %","Population":"66959016","Region":"Europe","Longitude":-0.126236,"Latitude":51.5002},{"Countries":"Bahrain","Internet Users":"1615620","Penetration (% Population)":"94.9 %","Population":"1701575","Region":"Middle East","Longitude":50.5354,"Latitude":26.1921},{"Countries":"Iraq","Internet Users":"21276000","Penetration (% Population)":"52.9 %","Population":"40222493","Region":"Middle East","Longitude":44.394,"Latitude":33.3302},{"Countries":"Israel","Internet Users":"7002759","Penetration (% Population)":"80.9 %","Population":"8655535","Region":"Middle East","Longitude":35.2035,"Latitude":31.7717},{"Countries":"Jordan","Internet Users":"8700000","Penetration (% Population)":"85.3 %","Population":"10203134","Region":"Middle East","Longitude":35.9263,"Latitude":31.9497},{"Countries":"Kuwait","Internet Users":"4231978","Penetration (% Population)":"99.1 %","Population":"4270571","Region":"Middle East","Longitude":47.9824,"Latitude":29.3721},{"Countries":"Lebanon","Internet Users":"5546494","Penetration (% Population)":"81.3 %","Population":"6825445","Region":"Middle East","Longitude":35.5134,"Latitude":33.8872},{"Countries":"Oman","Internet Users":"4011004","Penetration (% Population)":"78.5 %","Population":"5106626","Region":"Middle East","Longitude":58.5874,"Latitude":23.6105},{"Countries":"Qatar","Internet Users":"2942000","Penetration (% Population)":"99.6 %","Population":"2881053","Region":"Middle East","Longitude":51.5082,"Latitude":25.2948},{"Countries":"Saudi Arabia","Internet Users":"31856652","Penetration (% Population)":"91.5 %","Population":"34813871","Region":"Middle East","Longitude":46.6977,"Latitude":24.6748},{"Countries":"United Arab Emirates","Internet Users":"9532016","Penetration (% Population)":"96.4 %","Population":"9890402","Region":"Middle East","Longitude":54.3705,"Latitude":24.4764},{"Countries":"Australia","Internet Users":"21711706","Penetration (% Population)":"86.5 %","Population":"25088636","Region":"Oceania","Longitude":149.129,"Latitude":-35.282},{"Countries":"Fiji","Internet Users":"500958","Penetration (% Population)":"54.5 %","Population":"918757","Region":"Oceania","Longitude":178.399,"Latitude":-18.1149},{"Countries":"French Polynesia","Internet Users":"209744","Penetration (% Population)":"72.7 %","Population":"288506","Region":"Oceania","Longitude":-149.57,"Latitude":-17.535},{"Countries":"Guam","Internet Users":"134649","Penetration (% Population)":"80.5 %","Population":"167245","Region":"Oceania","Longitude":144.794,"Latitude":13.4443},{"Countries":"Kiribati","Internet Users":"32947","Penetration (% Population)":"27.4%","Population":"120428","Region":"Oceania","Longitude":172.979,"Latitude":1.32905},{"Countries":"Marshall Islands","Internet Users":"20593","Penetration (% Population)":"38.7 %","Population":"53211","Region":"Oceania","Longitude":171.135,"Latitude":7.11046},{"Countries":"New Caledonia","Internet Users":"232368","Penetration (% Population)":"82.0 %","Population":"283376","Region":"Oceania","Longitude":166.464,"Latitude":-22.2677},{"Countries":"New Zealand","Internet Users":"4351987","Penetration (% Population)":"90.8 %","Population":"4792409","Region":"Oceania","Longitude":174.776,"Latitude":-41.2865},{"Countries":"Samoa","Internet Users":"100000","Penetration (% Population)":"50.3%","Population":"198909","Region":"Oceania","Longitude":-171.752,"Latitude":-13.8314},{"Countries":"Solomon Islands","Internet Users":"75722","Penetration (% Population)":"11.9 %","Population":"635254","Region":"Oceania","Longitude":159.949,"Latitude":-9.42676},{"Countries":"Tonga","Internet Users":"57822","Penetration (% Population)":"52.5 %","Population":"110041","Region":"Oceania","Longitude":-175.216,"Latitude":-21.136},{"Countries":"Vanuatu","Internet Users":"82764","Penetration (% Population)":"28.7%","Population":"288017","Region":"Oceania","Longitude":168.321,"Latitude":-17.7404}]