Country_ID,Country_Years,Number_Of_Internet_Users_By_Country
15,1990,0
16,1990,0
17,1990,0
19,1990,0
20,1990,0
21,1990,0
22,1990,0
219,1990,0
23,1990,99709
24,1990,10070
25,1990,0
26,1990,0
27,1990,0
28,1990,0
29,1990,0
30,1990,0
4,1990,101
31,1990,0
32,1990,0
33,1990,0
34,1990,0
35,1990,0
36,1990,0
37,1990,0
38,1990,0
39,1990,0
40,1990,0
41,1990,0
42,1990,0
43,1990,0
44,1990,99970
45,1990,0
174,1990,0
173,1990,0
172,1990,0
171,1990,0
170,1990,0
169,1990,0
168,1990,0
166,1990,0
143,1990,0
165,1990,0
164,1990,0
163,1990,0
162,1990,0
167,1990,0
161,1990,5001
154,1990,0
160,1990,0
201,1990,0
65,1990,0
259,1990,0
159,1990,0
157,1990,0
156,1990,0
158,1990,0
202,1990,0
155,1990,20039
3,1990,30063
203,1990,0
153,1990,0
151,1990,0
152,1990,0
6,1990,99604
150,1990,0
149,1990,0
206,1990,0
254,1990,0
148,1990,0
147,1990,0
94,1990,0
146,1990,0
145,1990,0
139,1990,0
144,1990,0
138,1990,0
207,1990,0
137,1990,0
136,1990,0
135,1990,0
134,1990,0
2,1990,0
133,1990,4985
8,1990,10023
132,1990,0
14,1990,25269
130,1990,0
131,1990,0
129,1990,0
204,1990,0
208,1990,0
126,1990,0
125,1990,0
122,1990,0
124,1990,0
123,1990,0
121,1990,0
120,1990,0
119,1990,0
210,1990,0
262,1990,0
66,1990,0
118,1990,0
117,1990,0
116,1990,0
211,1990,0
115,1990,0
212,1990,0
114,1990,0
213,1990,0
113,1990,0
222,1990,0
111,1990,0
112,1990,0
110,1990,0
109,1990,0
142,1990,0
108,1990,0
107,1990,0
5,1990,50043
220,1990,0
106,1990,0
105,1990,0
104,1990,0
103,1990,0
128,1990,0
102,1990,30041
217,1990,0
101,1990,0
140,1990,0
100,1990,0
99,1990,0
98,1990,0
97,1990,0
96,1990,0
11,1990,0
95,1990,0
93,1990,0
226,1990,0
92,1990,0
12,1990,0
91,1990,0
229,1990,0
230,1990,0
239,1990,0
232,1990,0
90,1990,0
89,1990,0
233,1990,0
87,1990,0
86,1990,0
85,1990,0
83,1990,0
195,1990,0
82,1990,0
81,1990,0
127,1990,9986
9,1990,5060
141,1990,0
289,1990,0
79,1990,0
234,1990,0
78,1990,0
10,1990,50050
7,1990,39763
76,1990,0
64,1990,0
75,1990,0
225,1990,0
74,1990,0
235,1990,0
73,1990,0
71,1990,0
70,1990,0
69,1990,0
68,1990,0
67,1990,0
72,1990,0
1,1990,49953
13,1990,1981674
256,1990,0
63,1990,0
62,1990,0
221,1990,0
238,1990,0
84,1990,0
355,1990,2630452
61,1990,0
60,1990,0
80,1990,0
23,1991,189508
24,1991,20138
4,1991,2015
36,1991,0
37,1991,4997
41,1991,0
44,1991,159962
161,1991,10003
155,1991,70139
3,1991,80198
6,1991,199129
149,1991,5046
206,1991,0
144,1991,7081
138,1991,351
207,1991,1301
2,1991,2031
133,1991,9965
8,1991,20040
14,1991,50523
211,1991,0
113,1991,5120
107,1991,0
5,1991,80067
102,1991,60088
11,1991,1991
95,1991,9997
86,1991,5001
81,1991,5106
127,1991,20008
9,1991,10121
10,1991,100096
7,1991,79542
75,1991,30
74,1991,0
1,1991,99903
13,1991,2965851
21,1992,1007
23,1992,309285
24,1992,50339
4,1992,10082
37,1992,20010
41,1992,0
44,1992,259995
172,1992,4997
166,1992,36
163,1992,401
161,1992,20010
201,1992,548
156,1992,996
155,1992,95192
3,1992,160445
6,1992,348429
149,1992,5047
206,1992,0
144,1992,50286
138,1992,5009
207,1992,4004
137,1992,1008
2,1992,6089
133,1992,14935
8,1992,40063
14,1992,121178
210,1992,600
116,1992,199
211,1992,0
113,1992,15374
107,1992,0
5,1992,200191
106,1992,10017
102,1992,95142
11,1992,19908
95,1992,25067
12,1992,997
86,1992,15034
81,1992,15299
127,1992,43154
9,1992,30366
10,1992,130116
7,1992,119386
75,1992,199
74,1992,0
1,1992,149839
13,1992,4439033
238,1992,2513
21,1993,10072
23,1993,349259
24,1993,60402
4,1993,20181
37,1993,40066
39,1993,201
41,1993,0
44,1993,340102
172,1993,9965
171,1993,2053
166,1993,2723
165,1993,4567
163,1993,462
162,1993,60219
161,1993,30020
201,1993,1796
65,1993,598
157,1993,0
156,1993,4475
202,1993,50
155,1993,130267
3,1993,341052
6,1993,373319
149,1993,20194
206,1993,0
144,1993,79852
138,1993,20037
207,1993,7007
137,1993,2016
2,1993,10137
133,1993,19893
8,1993,70081
14,1993,504476
208,1993,1619
210,1993,1199
116,1993,4979
211,1993,0
113,1993,25644
107,1993,0
5,1993,300335
106,1993,22499
102,1993,120179
11,1993,49769
95,1993,45264
92,1993,861
12,1993,19960
87,1993,0
86,1993,25093
85,1993,6835
83,1993,8199
81,1993,45840
127,1993,110828
9,1993,50614
10,1993,150127
7,1993,149360
75,1993,7927
74,1993,0
70,1993,4792
67,1993,399
1,1993,299645
13,1993,5906809
238,1993,8843
355,1993,14073444
17,1994,102
21,1994,15104
22,1994,299
23,1994,399161
24,1994,110738
25,1994,110
30,1994,49
4,1994,70685
37,1994,60165
39,1994,1655
41,1994,0
44,1994,690444
172,1994,19881
171,1994,14356
170,1994,39465
166,1994,9589
165,1994,12498
163,1994,929
162,1994,130471
161,1994,70056
201,1994,3900
65,1994,3989
157,1994,0
156,1994,16899
202,1994,61
155,1994,250527
3,1994,521839
6,1994,746622
149,1994,40407
206,1994,0
254,1994,498
147,1994,10
144,1994,168586
138,1994,50090
207,1994,18016
137,1994,10077
136,1994,2055
135,1994,244
2,1994,20251
133,1994,29807
8,1994,110097
132,1994,925
14,1994,1008107
131,1994,85
208,1994,2449
210,1994,1998
262,1994,140
116,1994,19908
211,1994,0
113,1994,40023
111,1994,36
107,1994,0
5,1994,500620
106,1994,114812
105,1994,595
102,1994,180283
100,1994,205
97,1994,2009
96,1994,3988
11,1994,149350
95,1994,72634
93,1994,997
92,1994,6080
12,1994,79872
87,1994,0
86,1994,40123
85,1994,17081
83,1994,21384
81,1994,101772
127,1994,139570
9,1994,111369
141,1994,501
79,1994,0
10,1994,300267
7,1994,189347
75,1994,22744
74,1994,0
71,1994,661
70,1994,28707
67,1994,6977
1,1994,599272
13,1994,12776546
256,1994,1003
63,1994,2000
238,1994,12055
355,1994,25348069
60,1994,603
80,1994,193
16,1995,347
17,1995,511
20,1995,1620
21,1995,30193
22,1995,1697
23,1995,498856
24,1995,151030
25,1995,160
26,1995,2690
27,1995,1952
29,1995,21
30,1995,296
4,1995,101014
31,1995,94
34,1995,5055
36,1995,1012
37,1995,170636
38,1995,3023
39,1995,10027
41,1995,0
44,1995,1221165
172,1995,49606
171,1995,61435
170,1995,70408
166,1995,14635
143,1995,29
165,1995,23731
164,1995,10
163,1995,3508
162,1995,150568
161,1995,200185
154,1995,101
160,1995,1360
201,1995,5015
65,1995,19955
157,1995,0
156,1995,39823
158,1995,10
202,1995,71
155,1995,711557
3,1995,953970
151,1995,98
152,1995,594
6,1995,1492989
150,1995,58
149,1995,80879
206,1995,0
254,1995,960
148,1995,312
147,1995,53
139,1995,2100
144,1995,197627
138,1995,70119
207,1995,30017
137,1995,251924
136,1995,51425
135,1995,2532
2,1995,40473
133,1995,49626
8,1995,300254
132,1995,2778
14,1995,2014884
130,1995,1062
131,1995,1812
129,1995,199
208,1995,3268
124,1995,2172
210,1995,6493
262,1995,1080
66,1995,808
116,1995,29857
211,1995,0
212,1995,856
113,1995,96457
111,1995,150
112,1995,202
110,1995,1005
108,1995,102
107,1995,198
5,1995,1001258
220,1995,10
106,1995,179493
105,1995,1386
102,1995,280502
101,1995,151
100,1995,1538
97,1995,8032
96,1995,19963
11,1995,249078
95,1995,151671
93,1995,4985
226,1995,977
92,1995,17213
12,1995,219691
229,1995,449
230,1995,139
90,1995,2053
89,1995,61
87,1995,0
86,1995,99960
85,1995,28125
83,1995,57732
195,1995,89
82,1995,0
81,1995,284827
127,1995,371307
9,1995,151903
141,1995,1001
79,1995,0
234,1995,509
78,1995,10
10,1995,450483
7,1995,249299
75,1995,44515
74,1995,0
235,1995,118
73,1995,1985
71,1995,1020
70,1995,47778
68,1995,588
67,1995,21932
72,1995,2521
1,1995,1098787
13,1995,24539142
256,1995,3009
63,1995,10001
62,1995,349
238,1995,27118
355,1995,44714405
60,1995,803
80,1995,870
16,1996,996
17,1996,511
19,1996,114
20,1996,2162
21,1996,50280
22,1996,2996
219,1996,2303
23,1996,598443
24,1996,553967
25,1996,499
26,1996,4958
27,1996,4880
29,1996,1036
30,1996,2962
4,1996,303024
31,1996,1886
32,1996,103
34,1996,15132
35,1996,572
36,1996,2526
37,1996,743411
38,1996,10065
39,1996,60137
40,1996,100
41,1996,49
44,1996,2002527
174,1996,201
172,1996,99089
171,1996,163519
170,1996,125569
168,1996,102
166,1996,30251
143,1996,1261
165,1996,39297
164,1996,3502
163,1996,5881
162,1996,200840
167,1996,46
161,1996,300315
154,1996,201
160,1996,6021
201,1996,10067
65,1996,39913
259,1996,4900
157,1996,0
156,1996,49977
158,1996,1008
202,1996,505
155,1996,861989
3,1996,1511652
203,1996,199
153,1996,0
151,1996,389
152,1996,1981
6,1996,2487416
150,1996,971
149,1996,151828
206,1996,300
254,1996,2008
148,1996,2080
147,1996,158
146,1996,502
145,1996,596
139,1996,2565
144,1996,296413
138,1996,100151
207,1996,40000
137,1996,453560
136,1996,113200
135,1996,9746
2,1996,80931
133,1996,119002
8,1996,585625
132,1996,15145
14,1996,5538558
130,1996,2119
131,1996,5035
129,1996,2488
208,1996,13962
122,1996,20146
124,1996,4304
123,1996,51
119,1996,9998
210,1996,22984
262,1996,2862
66,1996,1512
118,1996,514
116,1996,179128
211,1996,588
115,1996,203
212,1996,4035
213,1996,2099
113,1996,191764
222,1996,301
111,1996,200
112,1996,421
110,1996,1559
109,1996,494
108,1996,154
107,1996,988
5,1996,1501709
220,1996,494
106,1996,298945
105,1996,3953
104,1996,102
103,1996,9781
102,1996,801774
217,1996,0
101,1996,3768
100,1996,6152
99,1996,104
98,1996,992
97,1996,60182
96,1996,39971
11,1996,498699
95,1996,303823
93,1996,9974
226,1996,4858
92,1996,50539
12,1996,399434
91,1996,54
229,1996,999
230,1996,522
90,1996,5114
89,1996,1009
233,1996,506
87,1996,107
86,1996,297771
85,1996,42179
83,1996,100887
195,1996,993
82,1996,119
81,1996,361155
127,1996,743208
9,1996,532863
141,1996,10006
289,1996,405593
79,1996,0
234,1996,1018
78,1996,495
10,1996,801190
7,1996,321259
64,1996,500
75,1996,69458
74,1996,481
235,1996,158
73,1996,4946
71,1996,2556
70,1996,114523
68,1996,981
67,1996,49864
72,1996,9651
1,1996,2398181
13,1996,44135783
256,1996,5016
63,1996,60007
62,1996,998
221,1996,98
238,1996,56231
84,1996,103
355,1996,77323781
61,1996,99
60,1996,852
80,1996,1934
16,1997,1503
17,1997,3069
19,1997,856
20,1997,2706
21,1997,100457
22,1997,3498
23,1997,3023026
24,1997,765852
25,1997,1996
26,1997,3911
27,1997,9794
28,1997,930
29,1997,2091
30,1997,4938
4,1997,504859
31,1997,2856
32,1997,1548
34,1997,35249
35,1997,2230
36,1997,5040
37,1997,1317038
38,1997,15075
39,1997,100168
40,1997,1993
41,1997,488
42,1997,660
43,1997,959
44,1997,4507110
45,1997,984
174,1997,502
173,1997,49
172,1997,155338
171,1997,407873
170,1997,212751
169,1997,0
168,1997,103
166,1997,60405
143,1997,2908
165,1997,78393
164,1997,7514
163,1997,39019
162,1997,301442
167,1997,93
161,1997,600709
154,1997,548
160,1997,11648
201,1997,13143
65,1997,59854
259,1997,14718
159,1997,226
157,1997,285
156,1997,80440
158,1997,3029
202,1997,1772
155,1997,1002462
3,1997,2500385
203,1997,480
153,1997,548
151,1997,579
152,1997,2974
6,1997,5469527
150,1997,4849
149,1997,202741
206,1997,1002
254,1997,3524
148,1997,10395
147,1997,317
94,1997,193
146,1997,1003
139,1997,10309
144,1997,668622
138,1997,200248
207,1997,74937
137,1997,705842
136,1997,395330
135,1997,29321
2,1997,151775
133,1997,247754
8,1997,1301950
132,1997,20638
14,1997,11628186
130,1997,28962
131,1997,10065
129,1997,9962
208,1997,37300
122,1997,50377
124,1997,38383
123,1997,101
121,1997,106
119,1997,35027
210,1997,29998
262,1997,9493
66,1997,10078
118,1997,2057
117,1997,485
116,1997,497597
211,1997,818
115,1997,1020
212,1997,15180
114,1997,103
213,1997,5489
113,1997,610260
222,1997,619
111,1997,1205
112,1997,2633
110,1997,6020
109,1997,1978
108,1997,1033
107,1997,4926
5,1997,2202023
220,1997,1976
106,1997,547902
105,1997,9871
104,1997,204
103,1997,19568
128,1997,0
102,1997,902524
217,1997,9894
101,1997,35562
100,1997,15385
99,1997,5185
98,1997,4959
97,1997,100161
96,1997,100035
11,1997,799087
95,1997,506835
93,1997,49895
226,1997,16486
92,1997,100817
12,1997,698891
91,1997,106
229,1997,1499
230,1997,1001
239,1997,301
90,1997,10162
89,1997,2515
233,1997,1007
87,1997,215
86,1997,491598
85,1997,63259
83,1997,150924
195,1997,1489
82,1997,240
81,1997,712524
127,1997,1663664
9,1997,1125016
141,1997,30018
289,1997,781014
79,1997,313
234,1997,4574
78,1997,889
10,1997,2104397
7,1997,1070857
64,1997,2499
75,1997,219426
74,1997,9574
235,1997,494
73,1997,14790
71,1997,4097
70,1997,285982
68,1997,2256
67,1997,99787
72,1997,88981
1,1997,4309135
13,1997,58826128
256,1997,7526
63,1997,110012
62,1997,2499
221,1997,244
238,1997,90351
84,1997,3084
355,1997,120719713
61,1997,2465
60,1997,902
80,1997,3874
16,1998,2018
17,1998,6140
19,1998,2861
20,1998,3251
21,1998,301083
22,1998,4000
23,1998,5751305
24,1998,1240028
25,1998,2995
26,1998,6775
27,1998,19750
28,1998,4659
29,1998,5279
30,1998,7411
4,1998,807377
31,1998,4816
32,1998,3098
34,1998,50283
35,1998,5388
36,1998,10058
37,1998,2514909
38,1998,20062
39,1998,150135
40,1998,4982
41,1998,980
42,1998,1893
43,1998,1919
44,1998,7513571
45,1998,1973
174,1998,1003
173,1998,331
172,1998,247482
171,1998,2136150
170,1998,441864
169,1998,195
168,1998,104
166,1998,100452
143,1998,9686
165,1998,147030
164,1998,25082
163,1998,80789
162,1998,402193
167,1998,185
161,1998,1201529
154,1998,645
160,1998,19406
201,1998,15238
65,1998,99711
259,1998,24574
159,1998,535
157,1998,283
156,1998,151830
158,1998,6068
202,1998,5067
155,1998,1314430
3,1998,3730876
203,1998,3006
153,1998,1993
151,1998,2393
152,1998,4962
6,1998,8050374
150,1998,5815
149,1998,355380
206,1998,1504
254,1998,6854
148,1998,51948
147,1998,527
94,1998,289
146,1998,2002
145,1998,1982
139,1998,18653
144,1998,941683
138,1998,400375
207,1998,99834
137,1998,1412482
136,1998,525205
135,1998,63783
2,1998,303647
133,1998,594224
8,1998,2605356
132,1998,51672
14,1998,17052903
130,1998,64353
131,1998,20119
129,1998,14963
204,1998,503
208,1998,56053
126,1998,3485
125,1998,497
122,1998,80579
124,1998,84773
123,1998,201
121,1998,105
119,1998,70109
210,1998,50016
262,1998,28702
66,1998,20178
118,1998,9265
117,1998,1933
116,1998,1493050
211,1998,1533
115,1998,2055
212,1998,25392
114,1998,1035
213,1998,29893
113,1998,1250865
222,1998,2012
111,1998,11093
112,1998,3435
110,1998,40094
109,1998,3461
108,1998,5192
107,1998,14718
5,1998,3502435
220,1998,3953
106,1998,1197108
105,1998,14794
104,1998,307
103,1998,29366
128,1998,0
102,1998,1003358
217,1998,19427
101,1998,58122
100,1998,80108
99,1998,12432
98,1998,9919
97,1998,299973
96,1998,824175
11,1998,1581756
95,1998,1013920
93,1998,99799
226,1998,19375
92,1998,502533
12,1998,1197831
91,1998,830
229,1998,1999
230,1998,2001
239,1998,398
232,1998,395
90,1998,20167
89,1998,7523
233,1998,2000
87,1998,645
86,1998,731018
85,1998,145122
83,1998,200877
195,1998,1986
82,1998,603
81,1998,1289552
127,1998,3162187
9,1998,1757522
141,1998,55034
289,1998,1457807
79,1998,1249
234,1998,7709
78,1998,986
10,1998,2968852
7,1998,1764551
64,1998,3000
75,1998,672161
74,1998,14298
235,1998,743
73,1998,34402
71,1998,10254
70,1998,428574
68,1998,14724
67,1998,149781
72,1998,196068
1,1998,8003083
13,1998,82919577
256,1998,10036
63,1998,230024
62,1998,5004
221,1998,488
238,1998,326199
84,1998,10260
355,1998,188144724
61,1998,3941
60,1998,3008
80,1998,9711
16,1999,2537
17,1999,61385
19,1999,11478
20,1999,4338
21,1999,1203699
22,1999,29986
219,1999,4011
23,1999,7693499
24,1999,1855324
25,1999,7992
26,1999,11052
27,1999,30047
28,1999,46671
29,1999,6390
30,1999,49423
4,1999,1412363
31,1999,9744
32,1999,10323
33,1999,767
34,1999,80339
35,1999,7307
36,1999,19079
37,1999,3522098
38,1999,25030
39,1999,234597
40,1999,6970
41,1999,2462
42,1999,3799
43,1999,19221
44,1999,11020176
45,1999,4945
174,1999,1503
173,1999,991
172,1999,618671
171,1999,9032277
170,1999,676024
169,1999,784
168,1999,527
166,1999,150267
143,1999,19346
165,1999,196322
164,1999,34962
163,1999,105036
162,1999,704233
167,1999,463
161,1999,1628039
154,1999,740
160,1999,93120
201,1999,102087
65,1999,199323
259,1999,49248
159,1999,575
157,1999,842
156,1999,203562
158,1999,8107
202,1999,7601
155,1999,1671570
3,1999,5412783
203,1999,8034
153,1999,2990
151,1999,8557
152,1999,19873
6,1999,16985643
150,1999,19382
149,1999,762710
206,1999,2509
254,1999,13082
148,1999,67487
147,1999,5262
94,1999,1437
146,1999,29957
145,1999,5938
139,1999,36463
144,1999,1396886
138,1999,600426
207,1999,114745
137,1999,2826612
136,1999,927107
135,1999,246307
2,1999,415014
133,1999,791625
8,1999,8221573
132,1999,62070
14,1999,27238783
130,1999,126725
131,1999,70410
129,1999,34963
204,1999,1005
208,1999,93082
126,1999,9951
125,1999,1980
122,1999,105653
124,1999,169727
123,1999,996
121,1999,310
120,1999,7047
119,1999,103160
210,1999,74988
262,1999,38562
66,1999,30312
118,1999,25768
117,1999,9639
116,1999,2787970
211,1999,3074
115,1999,6495
212,1999,30558
114,1999,3114
213,1999,54690
113,1999,1863019
222,1999,3016
111,1999,25375
112,1999,12082
110,1999,50071
109,1999,9892
142,1999,69
108,1999,6247
107,1999,34183
5,1999,6203726
220,1999,11864
106,1999,1584314
105,1999,24644
104,1999,3080
103,1999,48970
128,1999,0
102,1999,1789602
217,1999,56726
101,1999,74957
100,1999,114001
99,1999,36227
98,1999,19834
97,1999,499084
96,1999,1092830
11,1999,2104097
95,1999,1520320
93,1999,199389
226,1999,23181
92,1999,601238
12,1999,1497090
91,1999,5101
229,1999,2998
230,1999,3001
239,1999,496
232,1999,494
90,1999,100170
89,1999,30008
233,1999,4986
87,1999,2152
86,1999,922366
85,1999,293514
83,1999,250746
195,1999,1986
82,1999,1213
81,1999,1854732
127,1999,11075156
9,1999,2872255
141,1999,65046
289,1999,2299787
79,1999,2340
234,1999,8835
78,1999,4922
10,1999,3676372
7,1999,2427078
76,1999,2005
64,1999,25012
75,1999,1511710
74,1999,28489
235,1999,993
73,1999,73537
71,1999,153899
70,1999,1427699
69,1999,2011
68,1999,24563
67,1999,199818
72,1999,446512
1,1999,12509316
13,1999,99968569
256,1999,12036
63,1999,330031
62,1999,7516
221,1999,976
238,1999,682373
84,1999,102357
355,1999,281428387
61,1999,9841
60,1999,15058
80,1999,19505
16,2000,3562
17,2000,153332
19,2000,17270
20,2000,5418
21,2000,2608357
22,2000,39919
219,2000,14030
23,2000,8914445
24,2000,2721778
25,2000,12002
26,2000,23831
27,2000,40899
28,2000,93475
29,2000,10723
30,2000,184805
4,2000,3026176
31,2000,14749
32,2000,15465
33,2000,2299
34,2000,120319
35,2000,40792
36,2000,50168
37,2000,5031955
38,2000,29979
39,2000,429555
40,2000,8947
41,2000,4944
42,2000,5714
43,2000,38509
44,2000,15767452
45,2000,7929
174,2000,2005
173,2000,2979
172,2000,2533617
171,2000,22788500
170,2000,891931
169,2000,1474
168,2000,850
166,2000,227686
143,2000,38623
165,2000,294240
164,2000,60346
163,2000,143902
162,2000,1006377
167,2000,2779
161,2000,2092276
154,2000,1396
160,2000,317219
201,2000,184654
65,2000,448283
259,2000,69085
159,2000,813
157,2000,4638
156,2000,399824
158,2000,10156
202,2000,12143
155,2000,1932433
3,2000,8528696
203,2000,15083
153,2000,14972
151,2000,11355
152,2000,22890
6,2000,24622623
150,2000,29093
149,2000,1018260
206,2000,4130
254,2000,25028
148,2000,82992
147,2000,8406
94,2000,2861
146,2000,49804
145,2000,19772
139,2000,78543
144,2000,1854346
138,2000,715440
207,2000,124711
137,2000,5555185
136,2000,1957942
135,2000,617797
2,2000,687024
133,2000,1255296
8,2000,13241080
132,2000,82782
14,2000,38248371
130,2000,133869
131,2000,100673
129,2000,100031
204,2000,1507
208,2000,138043
126,2000,51244
125,2000,5918
122,2000,150657
124,2000,257300
123,2000,3958
121,2000,511
120,2000,10018
119,2000,225065
210,2000,99812
262,2000,58242
66,2000,50577
118,2000,30965
117,2000,14423
116,2000,4958180
211,2000,6179
115,2000,15634
212,2000,52018
114,2000,5203
213,2000,86297
113,2000,5168767
222,2000,4012
111,2000,53894
112,2000,30103
110,2000,200156
109,2000,19801
108,2000,31238
107,2000,48586
5,2000,7005030
220,2000,29673
106,2000,1828377
105,2000,49273
104,2000,4117
103,2000,78404
128,2000,0
102,2000,2339671
217,2000,79843
140,2000,35817
100,2000,198633
99,2000,46542
98,2000,39645
97,2000,797253
96,2000,1545990
11,2000,2808569
95,2000,1701394
93,2000,397720
226,2000,28806
92,2000,799648
12,2000,2894596
91,2000,5043
229,2000,7989
230,2000,3501
239,2000,989
232,2000,6429
90,2000,459035
89,2000,39928
233,2000,6002
87,2000,5397
86,2000,1409026
85,2000,508973
83,2000,300467
195,2000,1986
82,2000,1802
81,2000,2445806
127,2000,21181681
9,2000,5573115
141,2000,121596
289,2000,3284011
79,2000,7027
234,2000,11840
78,2000,9831
10,2000,4057813
7,2000,3375775
76,2000,3021
64,2000,40055
75,2000,2322547
74,2000,39763
235,2000,2388
73,2000,97906
71,2000,266800
70,2000,2378894
69,2000,6019
68,2000,39356
67,2000,349785
72,2000,745361
1,2000,15811652
13,2000,121475820
256,2000,15020
63,2000,350028
62,2000,120355
221,2000,3902
238,2000,822710
84,2000,204125
355,2000,414371966
61,2000,14747
60,2000,20122
80,2000,49064
15,2001,990
16,2001,10173
17,2001,204121
19,2001,23100
20,2001,7569
21,2001,3665016
22,2001,49759
219,2001,15886
23,2001,10152449
24,2001,3173139
25,2001,25048
26,2001,35770
27,2001,104902
28,2001,174082
29,2001,32310
30,2001,424598
4,2001,3228655
32,2001,25718
33,2001,5098
34,2001,180162
35,2001,45275
36,2001,60210
37,2001,8049430
38,2001,43936
39,2001,603697
40,2001,18840
41,2001,6949
42,2001,9544
43,2001,43419
44,2001,18676889
45,2001,11915
174,2001,3010
173,2001,3979
172,2001,2949989
171,2001,34076238
170,2001,1169905
169,2001,2463
168,2001,1068
166,2001,382073
143,2001,67436
165,2001,509511
164,2001,120787
163,2001,180713
162,2001,1509577
167,2001,5554
161,2001,2301691
154,2001,2517
160,2001,385230
201,2001,343226
65,2001,597555
259,2001,88589
159,2001,1057
157,2001,5519
156,2001,438777
158,2001,25453
202,2001,15128
155,2001,2241685
3,2001,15772178
203,2001,15083
153,2001,17010
151,2001,16984
152,2001,46364
6,2001,25806862
150,2001,38845
149,2001,1223017
206,2001,5223
254,2001,39695
148,2001,207280
147,2001,15748
94,2001,3797
146,2001,99351
145,2001,29627
139,2001,94726
144,2001,2599610
138,2001,1481042
207,2001,139736
137,2001,7073322
136,2001,4330058
135,2001,995859
134,2001,24252
2,2001,904564
133,2001,1065228
8,2001,15654450
132,2001,103413
14,2001,49214502
130,2001,244391
131,2001,151321
129,2001,200323
204,2001,2007
208,2001,180388
126,2001,149024
125,2001,9836
122,2001,170281
124,2001,227907
123,2001,4925
121,2001,1011
120,2001,19941
119,2001,249383
210,2001,159191
262,2001,98661
66,2001,70850
118,2001,36182
117,2001,19184
116,2001,6326654
211,2001,10383
115,2001,20994
212,2001,71360
114,2001,7296
213,2001,104837
113,2001,7253884
222,2001,4994
111,2001,62272
112,2001,40005
110,2001,400211
109,2001,29748
142,2001,135
108,2001,46735
107,2001,57992
5,2001,7908633
220,2001,39582
106,2001,2080623
105,2001,73900
104,2001,12382
103,2001,112793
128,2001,0
102,2001,2894813
217,2001,135251
101,2001,1867087
140,2001,60777
100,2001,224571
99,2001,51680
98,2001,59408
97,2001,1990286
96,2001,2010757
11,2001,3814134
95,2001,1880938
93,2001,593927
226,2001,38064
92,2001,997787
12,2001,4293326
91,2001,20047
229,2001,12965
230,2001,5502
239,2001,2967
232,2001,8938
90,2001,997232
89,2001,99703
233,2001,9095
87,2001,7595
86,2001,1674642
85,2001,676530
83,2001,600002
195,2001,1986
82,2001,7343
81,2001,2943880
127,2001,27005438
9,2001,7512138
141,2001,150136
289,2001,4307745
79,2001,39175
234,2001,14640
78,2001,13751
10,2001,4606002
7,2001,3968679
76,2001,3243
64,2001,60156
75,2001,3530674
74,2001,46006
235,2001,2786
73,2001,195751
71,2001,420586
70,2001,3331205
69,2001,7997
68,2001,59141
67,2001,599595
72,2001,873807
1,2001,19803848
13,2001,139807922
256,2001,19973
63,2001,370022
62,2001,150519
221,2001,5358
238,2001,1156612
84,2001,1026948
355,2001,502668939
61,2001,16699
60,2001,25234
80,2001,98910
15,2002,1003
16,2002,12167
17,2002,509246
19,2002,47512
20,2002,10783
21,2002,4123168
22,2002,59477
219,2002,17858
24,2002,2973941
25,2002,413827
26,2002,55648
27,2002,132700
28,2002,191132
29,2002,75569
30,2002,877834
4,2002,4802051
31,2002,14904
32,2002,51283
33,2002,10162
34,2002,269741
35,2002,99993
36,2002,60268
37,2002,16482783
38,2002,53174
39,2002,714241
40,2002,24708
41,2002,7970
42,2002,28679
43,2002,58046
44,2002,19291569
45,2002,15909
174,2002,5023
173,2002,14949
172,2002,3452823
171,2002,59681957
170,2002,1912335
169,2002,3160
168,2002,5358
166,2002,808368
143,2002,86473
165,2002,780697
164,2002,422984
163,2002,276677
162,2002,2453409
167,2002,46243
161,2002,3452025
154,2002,3634
160,2002,602691
201,2002,556974
65,2002,1974451
259,2002,112866
159,2002,2140
157,2002,8208
156,2002,574110
158,2002,51042
202,2002,50187
155,2002,3254709
3,2002,18175928
203,2002,20091
153,2002,25105
151,2002,23562
152,2002,73437
6,2002,39842914
150,2002,165430
149,2002,1645504
206,2002,15069
254,2002,49026
148,2002,414093
147,2002,36734
94,2002,13233
145,2002,78932
139,2002,178264
144,2002,2912150
138,2002,1694984
207,2002,225752
137,2002,16759877
136,2002,4641917
135,2002,3145028
134,2002,124696
2,2002,1027870
133,2002,1108384
8,2002,16207614
132,2002,164422
14,2002,59595203
130,2002,318599
131,2002,252985
129,2002,401150
204,2002,2184
208,2002,219721
126,2002,149684
125,2002,14727
122,2002,511749
124,2002,246599
123,2002,20620
121,2002,1002
120,2002,124061
119,2002,609377
210,2002,176780
262,2002,112996
66,2002,355079
118,2002,56954
117,2002,25841
116,2002,7825461
211,2002,15741
115,2002,26426
212,2002,116057
114,2002,10436
213,2002,123217
113,2002,12418317
222,2002,5959
111,2002,158179
112,2002,49840
110,2002,700403
109,2002,49689
142,2002,201
108,2002,51677
107,2002,76882
5,2002,9874037
220,2002,49501
106,2002,2341492
105,2002,88681
104,2002,15520
103,2002,412328
128,2002,0
102,2002,3311320
217,2002,160445
101,2002,3728355
140,2002,104754
100,2002,268257
99,2002,77480
98,2002,98878
97,2002,2385340
96,2002,3524396
11,2002,8139466
95,2002,2022938
93,2002,666114
226,2002,66026
92,2002,1438038
12,2002,5994039
91,2002,24993
229,2002,23392
230,2002,6002
239,2002,3964
232,2002,10984
90,2002,1398653
89,2002,104640
233,2002,12045
87,2002,8735
86,2002,1941668
85,2002,2167622
83,2002,553511
195,2002,2185
82,2002,11058
81,2002,3155608
127,2002,28514843
9,2002,8560848
141,2002,200203
289,2002,5678149
79,2002,126040
234,2002,20102
78,2002,19632
10,2002,6295334
7,2002,4447763
76,2002,3576
64,2002,80330
75,2002,4825510
225,2002,0
74,2002,52515
235,2002,2884
73,2002,281107
71,2002,518162
70,2002,7413280
69,2002,13928
68,2002,98781
67,2002,899082
72,2002,993125
1,2002,33520289
13,2002,169012061
256,2002,29847
63,2002,380014
62,2002,276023
221,2002,6808
238,2002,1247681
84,2002,1520292
355,2002,664809555
61,2002,98152
60,2002,53128
80,2002,137506
15,2003,20272
16,2003,30236
17,2003,711374
19,2003,67477
20,2003,15039
21,2003,4564063
22,2003,138071
219,2003,20180
24,2003,3491089
26,2003,63149
27,2003,167851
28,2003,227821
29,2003,108058
4,2003,5206390
32,2003,71545
33,2003,15193
34,2003,309122
35,2003,149849
36,2003,60359
37,2003,24101487
38,2003,69247
39,2003,939587
40,2003,47257
41,2003,13995
42,2003,33491
43,2003,97039
44,2003,20305051
45,2003,19901
174,2003,6035
173,2003,29959
172,2003,4024740
171,2003,80993322
170,2003,3114590
169,2003,4947
168,2003,16112
166,2003,838959
143,2003,134128
165,2003,998485
164,2003,589375
163,2003,298963
162,2003,3512072
167,2003,69333
161,2003,4108102
154,2003,4748
160,2003,708309
201,2003,592747
65,2003,2987306
259,2003,149288
159,2003,3616
156,2003,622202
158,2003,76761
202,2003,54922
155,2003,3618201
3,2003,21882805
203,2003,35099
153,2003,35323
151,2003,32999
152,2003,117170
6,2003,45662751
150,2003,243942
149,2003,2001355
206,2003,19088
254,2003,53176
148,2003,568629
147,2003,41984
94,2003,17892
145,2003,147876
139,2003,337623
144,2003,3540505
138,2003,2193705
207,2003,239403
137,2003,18686779
136,2003,5264458
135,2003,4771282
134,2003,153766
2,2003,1389400
133,2003,1244086
8,2003,16885900
132,2003,211576
14,2003,62029977
130,2003,456891
131,2003,304710
129,2003,1004097
204,2003,2667
208,2003,485946
126,2003,195918
125,2003,18631
122,2003,622098
124,2003,296117
123,2003,29395
121,2003,993
120,2003,158062
119,2003,884659
210,2003,244014
262,2003,118452
66,2003,391588
118,2003,73134
117,2003,34397
116,2003,8633924
211,2003,18062
115,2003,37260
212,2003,127576
114,2003,12538
213,2003,147341
113,2003,13627618
222,2003,9862
111,2003,309017
110,2003,1000777
109,2003,82719
142,2003,11461
108,2003,66744
107,2003,95514
5,2003,10425312
220,2003,59426
106,2003,2451955
105,2003,98550
104,2003,19707
103,2003,737167
128,2003,0
102,2003,3570624
217,2003,173068
101,2003,7445962
140,2003,142126
100,2003,320514
99,2003,82612
98,2003,118437
97,2003,3124778
96,2003,4033420
11,2003,9559736
95,2003,3111526
93,2003,746358
226,2003,132500
92,2003,1933874
12,2003,11998882
91,2003,30982
229,2003,33776
230,2003,7002
239,2003,4974
232,2003,15077
90,2003,1804871
89,2003,224244
233,2003,12536
87,2003,9888
86,2003,2287733
85,2003,2324111
83,2003,633581
195,2003,2482
82,2003,37004
81,2003,3339076
127,2003,31613592
9,2003,17031505
141,2003,280271
289,2003,7785382
79,2003,158504
234,2003,23049
78,2003,26501
10,2003,7083260
7,2003,4747022
76,2003,4248
64,2003,251485
75,2003,6002983
74,2003,64697
235,2003,2980
73,2003,333491
71,2003,645169
70,2003,8148380
69,2003,19795
68,2003,123765
67,2003,1497897
72,2003,1103045
1,2003,38619900
13,2003,178938683
256,2003,29720
63,2003,530011
62,2003,494036
221,2003,7766
238,2003,1940130
84,2003,3128094
355,2003,780750279
61,2003,117694
60,2003,111991
80,2003,227410
15,2004,25520
16,2004,74977
17,2004,1521549
19,2004,87691
20,2004,21417
21,2004,6210799
22,2004,147000
219,2004,22710
24,2004,4460082
26,2004,70956
27,2004,178074
28,2004,281253
29,2004,135999
4,2004,5644591
31,2004,27057
32,2004,91647
33,2004,20214
34,2004,398161
35,2004,584926
36,2004,60457
37,2004,35236408
38,2004,106834
39,2004,1403854
40,2004,52161
41,2004,25071
42,2004,39247
43,2004,165533
44,2004,21072546
45,2004,24874
174,2004,9059
173,2004,35045
172,2004,4501077
171,2004,95922546
170,2004,3895884
169,2004,7927
168,2004,38849
166,2004,870582
143,2004,152852
165,2004,1355070
164,2004,947323
163,2004,341822
162,2004,3635035
167,2004,104058
161,2004,4372454
154,2004,6022
160,2004,807031
201,2004,653116
65,2004,8985522
259,2004,192025
159,2004,6117
156,2004,725417
158,2004,115917
202,2004,60664
155,2004,3794818
3,2004,23837107
203,2004,45029
153,2004,40641
151,2004,46265
152,2004,176175
6,2004,52894546
150,2004,360296
149,2004,2414136
206,2004,20090
254,2004,57171
148,2004,652643
147,2004,48288
94,2004,24416
145,2004,492551
139,2004,403433
144,2004,3836657
138,2004,2805923
207,2004,244178
137,2004,22253980
136,2004,5814620
135,2004,5214321
134,2004,236849
2,2004,1527224
133,2004,1472983
8,2004,19443640
132,2004,272878
14,2004,79997523
130,2004,645381
131,2004,407787
129,2004,1060500
204,2004,3169
208,2004,506217
126,2004,256450
125,2004,20474
122,2004,879182
124,2004,347694
123,2004,42069
121,2004,985
120,2004,201540
119,2004,1055923
210,2004,297658
262,2004,148433
66,2004,502742
118,2004,93529
117,2004,44050
116,2004,10636631
211,2004,20451
115,2004,53635
212,2004,140213
114,2004,14650
213,2004,166415
113,2004,15086377
222,2004,11743
111,2004,442856
215,2004,155940
110,2004,3503192
109,2004,138014
142,2004,11700
108,2004,76445
107,2004,113853
5,2004,11159977
220,2004,69347
106,2004,2523654
105,2004,123220
104,2004,24933
103,2004,1741348
128,2004,0
102,2004,3572352
217,2004,165237
101,2004,9294582
140,2004,154210
100,2004,364255
99,2004,92910
98,2004,196918
97,2004,3845520
96,2004,4440226
11,2004,12490240
95,2004,3345884
93,2004,835736
226,2004,157095
92,2004,3238675
12,2004,18523256
91,2004,37995
229,2004,34714
230,2004,8002
239,2004,5498
232,2004,20247
90,2004,2377368
89,2004,480530
233,2004,21234
87,2004,11043
86,2004,2709425
85,2004,2855753
83,2004,812703
195,2004,2978
82,2004,106570
81,2004,4064900
127,2004,35258106
9,2004,19079069
141,2004,280158
289,2004,10838288
79,2004,238943
234,2004,29993
78,2004,35356
10,2004,7542247
7,2004,4981433
76,2004,5201
64,2004,335672
75,2004,6940485
74,2004,83019
235,2004,3968
73,2004,348758
71,2004,854383
70,2004,9769745
69,2004,35466
68,2004,198485
67,2004,1647591
72,2004,1231747
1,2004,39289976
13,2004,189443366
256,2004,29591
63,2004,567194
62,2004,678527
221,2004,9690
238,2004,2212664
84,2004,6383526
355,2004,912821319
61,2004,176395
60,2004,236225
80,2004,268328
15,2005,306904
16,2005,186102
17,2005,1945357
19,2005,223557
20,2005,24098
21,2005,6936809
22,2005,156605
219,2005,25408
23,2005,12750509
24,2005,4787117
25,2005,685682
26,2005,82312
27,2005,189426
28,2005,346583
29,2005,143855
4,2005,5887272
31,2005,48157
32,2005,101457
33,2005,25262
34,2005,477038
35,2005,806476
36,2005,60548
37,2005,39295164
38,2005,133160
39,2005,1534447
40,2005,63072
41,2005,40245
42,2005,42109
43,2005,244354
44,2005,23137566
45,2005,28826
174,2005,11071
173,2005,40193
172,2005,5033903
171,2005,112645367
170,2005,4764564
169,2005,12233
168,2005,54414
166,2005,937499
143,2005,190558
165,2005,1450888
164,2005,1098868
163,2005,337175
162,2005,3618059
167,2005,130329
161,2005,4485916
154,2005,7469
160,2005,1060768
201,2005,823325
65,2005,9789214
259,2005,253216
159,2005,8708
156,2005,833046
158,2005,168539
202,2005,69473
155,2005,3916849
3,2005,26250973
203,2005,54908
153,2005,68659
151,2005,54865
152,2005,272758
6,2005,56116305
150,2005,394477
149,2005,2712289
206,2005,21092
254,2005,61080
148,2005,746474
147,2005,52489
94,2005,26255
145,2005,590653
139,2005,479273
144,2005,3884996
138,2005,3930695
207,2005,256632
137,2005,27322412
136,2005,8166249
135,2005,5704167
134,2005,243076
2,2005,1753020
133,2005,1663555
8,2005,20582969
132,2005,351318
14,2005,85883663
130,2005,738998
131,2005,460292
129,2005,1118181
204,2005,3693
208,2005,590240
126,2005,534630
125,2005,48930
122,2005,1035912
124,2005,404267
123,2005,50303
120,2005,226945
119,2005,1211288
210,2005,320489
262,2005,168234
66,2005,544942
118,2005,104102
117,2005,50136
116,2005,12477950
211,2005,21903
115,2005,64898
212,2005,167759
114,2005,20975
213,2005,185405
113,2005,18668070
222,2005,12618
111,2005,608283
215,2005,167041
110,2005,4603934
109,2005,178758
142,2005,31630
108,2005,81492
107,2005,211930
5,2005,13257398
220,2005,75295
106,2005,2593703
105,2005,138052
104,2005,30143
103,2005,4931178
128,2005,0
102,2005,3798075
217,2005,167843
101,2005,9746067
140,2005,572366
100,2005,382471
99,2005,108372
98,2005,458250
97,2005,4721380
96,2005,4656770
11,2005,14888551
95,2005,3696946
93,2005,881105
226,2005,213911
92,2005,4607669
12,2005,21868272
91,2005,49998
229,2005,35309
230,2005,10003
239,2005,6032
232,2005,21414
90,2005,3037222
89,2005,538563
233,2005,22553
87,2005,12188
86,2005,2739536
85,2005,2979688
83,2005,934459
195,2005,3967
82,2005,112149
81,2005,3655950
127,2005,35800745
9,2005,21087612
141,2005,349889
289,2005,15048748
79,2005,399395
234,2005,31948
78,2005,40884
10,2005,7667464
7,2005,5194626
76,2005,20473
64,2005,433516
75,2005,9830834
225,2005,1017
74,2005,102299
235,2005,4959
73,2005,375809
71,2005,975403
70,2005,10497867
69,2005,47416
68,2005,497294
67,2005,1758346
72,2005,1831825
1,2005,42200728
13,2005,200593775
256,2005,29475
63,2005,668055
62,2005,886437
221,2005,10641
238,2005,3362215
84,2005,10740887
355,2005,1029023007
61,2005,215832
60,2005,343698
80,2005,310561
15,2006,545607
16,2006,293521
17,2006,2491454
19,2006,303936
20,2006,27090
21,2006,8278569
22,2006,166616
219,2006,28233
23,2006,13578580
24,2006,5269091
25,2006,1034948
26,2006,87316
27,2006,270694
28,2006,1453680
29,2006,152097
30,2006,1551157
4,2006,6342005
31,2006,69779
32,2006,126364
33,2006,30373
34,2006,575629
35,2006,949493
36,2006,80833
37,2006,53260636
38,2006,156195
39,2006,2065601
40,2006,87498
41,2006,50472
42,2006,63109
43,2006,363136
44,2006,23635330
45,2006,32737
174,2006,13074
173,2006,60554
172,2006,5629961
171,2006,139874702
170,2006,6725134
169,2006,13781
168,2006,77154
166,2006,1081507
143,2006,285148
165,2006,1659991
164,2006,1260615
163,2006,374606
162,2006,4935969
167,2006,167398
161,2006,4717489
154,2006,10112
160,2006,1391168
201,2006,1005659
65,2006,10676526
259,2006,333106
159,2006,10134
156,2006,856939
158,2006,244904
202,2006,79432
155,2006,4204112
3,2006,28868585
203,2006,64736
153,2006,79310
151,2006,78095
152,2006,334110
6,2006,58839519
150,2006,602187
149,2006,3656753
206,2006,22093
254,2006,69569
148,2006,870806
147,2006,62993
94,2006,29061
145,2006,639467
139,2006,588230
144,2006,4171109
138,2006,4732305
207,2006,268287
137,2006,32599283
136,2006,10951361
135,2006,6239562
134,2006,263779
2,2006,2359107
133,2006,1883425
8,2006,22444442
132,2006,452686
14,2006,88214549
130,2006,822906
131,2006,512835
129,2006,1333874
204,2006,4242
208,2006,684441
126,2006,630942
125,2006,68431
122,2006,1193387
124,2006,608603
123,2006,58571
120,2006,252964
119,2006,1450312
210,2006,337573
262,2006,228900
66,2006,590472
118,2006,114707
117,2006,57093
116,2006,13500012
211,2006,36130
115,2006,96508
212,2006,165100
114,2006,31551
213,2006,205092
113,2006,21490032
222,2006,13475
111,2006,813223
215,2006,178553
110,2006,6103238
109,2006,181635
142,2006,88924
108,2006,90429
107,2006,296083
5,2006,13760466
220,2006,79243
106,2006,2888283
105,2006,152910
104,2006,41553
103,2006,7908003
128,2006,0
102,2006,3857619
217,2006,214381
101,2006,10211110
140,2006,673689
100,2006,588481
99,2006,113520
98,2006,468393
97,2006,5785638
96,2006,5040775
11,2006,17092434
95,2006,4029041
93,2006,955392
226,2006,292749
92,2006,5238751
12,2006,25831490
229,2006,40525
230,2006,13069
239,2006,8093
232,2006,22596
90,2006,4782828
89,2006,648535
233,2006,31338
87,2006,13316
86,2006,2721022
85,2006,3027502
83,2006,1082248
195,2006,7926
82,2006,117925
81,2006,3755233
127,2006,38187655
9,2006,22528250
141,2006,499143
289,2006,20467911
234,2006,47907
78,2006,41420
10,2006,7982881
7,2006,5663425
76,2006,264089
64,2006,528254
75,2006,11295897
225,2006,5243
74,2006,116756
235,2006,5953
73,2006,390992
71,2006,1324112
70,2006,12542445
69,2006,63473
68,2006,747444
67,2006,2100593
72,2006,2725857
1,2006,41844488
13,2006,205295950
256,2006,29375
63,2006,979327
62,2006,1717837
221,2006,12557
238,2006,4147085
84,2006,14682703
355,2006,1158678340
61,2006,264046
60,2006,515141
80,2006,314982
15,2007,505719
16,2007,454678
17,2007,3241766
19,2007,356961
20,2007,31070
21,2007,10370927
22,2007,176607
219,2007,31277
23,2007,14547458
24,2007,5765884
25,2007,1268514
26,2007,92429
27,2007,340912
28,2007,2648505
29,2007,160719
30,2007,1878762
4,2007,6893685
31,2007,73408
32,2007,151341
33,2007,40668
34,2007,991280
35,2007,1053701
36,2007,101081
37,2007,58989026
38,2007,167489
39,2007,2545522
40,2007,106890
41,2007,55577
42,2007,67016
43,2007,538985
44,2007,24170590
45,2007,40293
174,2007,16069
173,2007,91294
172,2007,5920516
171,2007,213888081
170,2007,9673657
169,2007,16041
168,2007,109733
166,2007,1240929
143,2007,343547
165,2007,1807723
164,2007,1321401
163,2007,433675
162,2007,5378175
167,2007,216145
161,2007,4651104
154,2007,13112
160,2007,1678469
201,2007,1534189
65,2007,12749822
259,2007,371700
159,2007,12914
157,2007,17029
156,2007,889641
158,2007,299702
202,2007,90976
155,2007,4279736
3,2007,40949992
203,2007,74504
153,2007,85882
151,2007,95503
152,2007,362658
6,2007,61138494
150,2007,873958
149,2007,4083466
206,2007,23089
254,2007,73312
148,2007,1000121
147,2007,78757
94,2007,31902
146,2007,103206
145,2007,688096
139,2007,724549
144,2007,4470161
138,2007,5342732
207,2007,276511
137,2007,46597409
136,2007,13481392
135,2007,6821345
134,2007,264031
2,2007,2689788
133,2007,3331754
8,2007,24193981
132,2007,585624
14,2007,95479401
130,2007,1238638
131,2007,636822
129,2007,1675780
204,2007,5779
208,2007,871187
126,2007,728118
125,2007,97577
122,2007,1300863
124,2007,765804
123,2007,68298
121,2007,19369
120,2007,281920
119,2007,1626785
210,2007,374651
262,2007,238444
66,2007,749761
118,2007,126318
117,2007,133685
116,2007,14830596
211,2007,54779
115,2007,110772
212,2007,192442
114,2007,47491
213,2007,249497
113,2007,23273144
222,2007,14313
111,2007,844309
112,2007,233250
215,2007,190801
110,2007,6713564
109,2007,201914
142,2007,106766
108,2007,100577
107,2007,369629
5,2007,14166355
220,2007,84165
106,2007,2953046
105,2007,215362
104,2007,57264
103,2007,9912433
128,2007,0
102,2007,4102790
217,2007,444149
101,2007,10902642
140,2007,794495
100,2007,769854
99,2007,118677
98,2007,668806
97,2007,7129766
96,2007,5330821
11,2007,18628178
95,2007,4474218
93,2007,1043429
226,2007,440164
92,2007,5953219
12,2007,35300825
91,2007,199849
229,2007,46673
230,2007,17448
239,2007,8659
232,2007,23797
90,2007,7575771
89,2007,818088
233,2007,34650
87,2007,14427
86,2007,3308037
85,2007,3336165
83,2007,1142482
195,2007,9859
82,2007,123879
81,2007,4023588
127,2007,38661194
9,2007,25016555
141,2007,768659
289,2007,26629659
79,2007,2795667
234,2007,71919
78,2007,46676
10,2007,7514776
7,2007,5836596
76,2007,514801
64,2007,670779
75,2007,13258982
225,2007,10650
74,2007,131942
235,2007,7349
73,2007,422891
71,2007,1760973
70,2007,19925702
69,2007,68492
68,2007,1123272
67,2007,3038306
72,2007,3686881
1,2007,46116268
13,2007,225446381
256,2007,29292
63,2007,1135512
62,2007,2044364
221,2007,14957
238,2007,5768236
84,2007,17826766
355,2007,1369818178
61,2007,1089755
60,2007,619755
80,2007,399897
15,2008,502210
16,2008,713808
17,2008,3548821
19,2008,413429
20,2008,35142
21,2008,11352549
22,2008,180600
219,2008,52704
23,2008,15296165
24,2008,6076231
25,2008,1506782
26,2008,109972
27,2008,579030
28,2008,3720145
29,2008,170274
30,2008,2186686
4,2008,7114254
31,2008,80521
32,2008,160893
33,2008,45912
34,2008,1199982
35,2008,1304463
36,2008,121647
37,2008,65284806
38,2008,174456
39,2008,2979348
40,2008,135145
41,2008,66519
42,2008,70791
43,2008,642838
44,2008,25621288
45,2008,68841
174,2008,43454
173,2008,132493
172,2008,6214904
171,2008,303837841
170,2008,11494795
169,2008,19717
168,2008,176450
166,2008,1430288
143,2008,370462
165,2008,1925514
164,2008,1463482
163,2008,457609
162,2008,6563863
167,2008,265644
161,2008,4674225
154,2008,18598
160,2008,2006323
201,2008,2716142
65,2008,14579794
259,2008,615918
159,2008,15805
157,2008,19893
156,2008,945569
158,2008,374332
202,2008,109634
155,2008,4451162
3,2008,44054538
203,2008,89139
153,2008,115231
151,2008,109294
152,2008,434485
6,2008,63282136
150,2008,994852
149,2008,4362305
206,2008,24091
254,2008,77003
148,2008,1162528
147,2008,94973
94,2008,34872
146,2008,135829
145,2008,737582
139,2008,755775
144,2008,4629195
138,2008,6094633
207,2008,282904
137,2008,52435034
136,2008,18697862
135,2008,8756034
134,2008,291114
2,2008,2933497
133,2008,4215152
8,2008,26496412
132,2008,658469
14,2008,96927083
130,2008,1492659
131,2008,1760129
129,2008,2035718
204,2008,6891
208,2008,1113983
126,2008,826180
125,2008,214853
122,2008,1377190
124,2008,926219
123,2008,71597
121,2008,19414
120,2008,544777
119,2008,1775117
210,2008,398902
262,2008,253265
66,2008,951821
118,2008,329942
117,2008,99899
116,2008,15127977
211,2008,80053
115,2008,221970
212,2008,206394
114,2008,63721
213,2008,270290
113,2008,24675979
222,2008,15139
111,2008,961666
112,2008,257557
215,2008,204376
110,2008,10458559
109,2008,356409
142,2008,108855
108,2008,112249
107,2008,458032
5,2008,14484387
220,2008,84131
106,2008,3081677
105,2008,296509
104,2008,106600
103,2008,12027791
128,2008,0
102,2008,4321465
217,2008,551803
101,2008,11455122
140,2008,938346
100,2008,1189202
99,2008,78053
98,2008,862924
97,2008,8755853
96,2008,5644766
11,2008,20362439
95,2008,4700771
93,2008,1419599
226,2008,615479
92,2008,6750195
12,2008,38389219
91,2008,436868
229,2008,50766
230,2008,22925
239,2008,9234
232,2008,25838
90,2008,9338677
89,2008,868922
233,2008,36673
87,2008,15413
86,2008,3347265
85,2008,3565944
83,2008,1174232
195,2008,15134
82,2008,129915
81,2008,4249742
127,2008,39867378
9,2008,27414692
141,2008,1156858
289,2008,31038075
234,2008,108490
78,2008,79384
10,2008,8313201
7,2008,6055721
76,2008,641794
64,2008,822133
75,2008,12111328
225,2008,16172
74,2008,147883
235,2008,8354
73,2008,457749
71,2008,2865140
70,2008,24210239
69,2008,86376
68,2008,2501448
67,2008,5080507
72,2008,4343395
1,2008,48661550
13,2008,224496810
256,2008,29222
63,2008,1316874
62,2008,2516629
221,2008,16380
238,2008,7283072
84,2008,20740506
355,2008,1558290574
61,2008,1540355
60,2008,726080
80,2008,474546
15,2009,994154
16,2009,1220606
17,2009,3982805
19,2009,518640
20,2009,39304
21,2009,13871798
22,2009,441953
219,2009,58843
23,2009,16141237
24,2009,6147793
25,2009,2445288
26,2009,120225
27,2009,628065
28,2009,4664096
29,2009,180170
30,2009,2602075
4,2009,7602203
31,2009,85389
32,2009,200361
33,2009,51227
34,2009,1639470
35,2009,1413952
36,2009,121763
37,2009,76438210
38,2009,188048
39,2009,3355214
40,2009,171094
41,2009,76401
42,2009,74678
43,2009,746210
44,2009,27133234
45,2009,104362
174,2009,79276
173,2009,172542
172,2009,6994316
171,2009,390747678
170,2009,13624854
169,2009,23564
168,2009,191417
166,2009,1540821
143,2009,398727
165,2009,2195720
164,2009,1621956
163,2009,546952
162,2009,6756674
167,2009,349493
161,2009,4799167
154,2009,33474
160,2009,2707623
201,2009,3614054
65,2009,16493004
259,2009,743224
159,2009,19364
157,2009,23276
156,2009,968477
158,2009,461248
202,2009,144834
155,2009,4407149
3,2009,44871728
203,2009,118449
153,2009,150742
151,2009,125098
152,2009,860541
6,2009,63962833
150,2009,1300368
149,2009,4852183
206,2009,25083
254,2009,80638
148,2009,1331407
147,2009,99231
94,2009,34951
146,2009,178221
145,2009,798082
139,2009,787432
144,2009,4846391
138,2009,6174544
207,2009,293960
137,2009,62170631
136,2009,16562361
135,2009,10168884
134,2009,316883
2,2009,3077962
133,2009,4587495
8,2009,29123117
132,2009,681392
14,2009,100281994
130,2009,1773490
131,2009,2945518
129,2009,2454469
204,2009,9021
208,2009,1432021
126,2009,854525
125,2009,369122
122,2009,1433925
124,2009,1260803
123,2009,75115
121,2009,76231
120,2009,661074
119,2009,1893658
210,2009,433301
262,2009,283669
66,2009,1071169
118,2009,335277
117,2009,157446
116,2009,15431409
211,2009,87916
115,2009,262919
212,2009,243707
114,2009,79943
213,2009,280030
113,2009,30424077
222,2009,15958
111,2009,1126411
112,2009,266829
215,2009,218621
110,2009,13211827
109,2009,630445
142,2009,109562
108,2009,138908
107,2009,526800
5,2009,14902714
220,2009,84096
106,2009,3445815
105,2009,413660
104,2009,120186
103,2009,14359403
128,2009,0
102,2009,4444867
217,2009,772628
101,2009,12528719
140,2009,1275658
100,2009,1398824
99,2009,111854
98,2009,1158161
97,2009,9106473
96,2009,8299879
11,2009,22600176
95,2009,5145879
93,2009,1546427
226,2009,844704
92,2009,7546172
12,2009,41496902
91,2009,768263
229,2009,53017
230,2009,33868
239,2009,11090
232,2009,28030
90,2009,10131367
89,2009,941319
87,2009,16407
86,2009,3426207
85,2009,3780503
83,2009,1302671
195,2009,20643
82,2009,135884
81,2009,5097082
127,2009,40293434
9,2009,29001069
141,2009,1762593
289,2009,37808955
234,2009,163266
78,2009,105552
10,2009,8475265
7,2009,6290312
76,2009,752513
64,2009,1071942
75,2009,13443255
225,2009,21840
74,2009,164592
235,2009,10360
73,2009,585477
71,2009,3584789
70,2009,25967463
69,2009,97655
68,2009,3205091
67,2009,8232930
72,2009,4906492
1,2009,52411010
13,2009,217314217
256,2009,29169
63,2009,1405632
62,2009,3350481
221,2009,17309
238,2009,9348055
84,2009,23248616
355,2009,1742929484
61,2009,2288303
60,2009,849100
80,2009,552424
15,2010,1152127
16,2010,1323236
17,2010,4514705
19,2010,654336
20,2010,44491
21,2010,18550750
22,2010,719328
219,2010,63035
23,2010,16811249
24,2010,6321759
25,2010,4154930
26,2010,155158
27,2010,682474
28,2010,5629517
29,2010,181999
30,2010,3012437
4,2010,8204054
31,2010,90693
32,2010,287937
33,2010,98959
34,2010,2221686
35,2010,1591191
36,2010,120892
37,2010,79997683
38,2010,205991
39,2010,3423142
40,2010,374525
41,2010,87669
42,2010,180290
43,2010,858731
44,2010,27437440
45,2010,150715
174,2010,88971
173,2010,202082
172,2010,7647009
171,2010,466396000
170,2010,16760105
169,2010,35174
168,2010,219335
166,2010,1659027
143,2010,550836
165,2010,2447571
164,2010,1801955
163,2010,589570
162,2010,7251072
167,2010,464567
161,2010,4928258
154,2010,55324
160,2010,3107967
201,2010,4335541
65,2010,18167243
259,2010,980176
159,2010,57066
157,2010,26784
156,2010,987088
158,2010,657770
202,2010,171990
155,2010,4662328
3,2010,48707065
203,2010,131232
153,2010,213227
151,2010,155678
152,2010,1138317
6,2010,66333724
150,2010,1911944
149,2010,5082026
206,2010,28263
254,2010,86164
148,2010,1536194
147,2010,107942
94,2010,38119
146,2010,223220
145,2010,836968
139,2010,908801
144,2010,5058159
138,2010,6453096
207,2010,299154
137,2010,92323552
136,2010,26483634
135,2010,11856234
134,2010,769068
2,2010,3231909
133,2010,5012522
8,2010,32062960
132,2010,779522
14,2010,100540420
130,2010,1953610
131,2010,5182076
129,2010,2977211
204,2010,9311
208,2010,1840823
126,2010,883841
125,2010,437239
122,2010,1449716
124,2010,1894463
123,2010,78765
121,2010,90807
120,2010,863680
119,2010,1940506
210,2010,460249
262,2010,296396
66,2010,1074714
118,2010,359578
117,2010,342776
116,2010,15827219
211,2010,96705
115,2010,301502
212,2010,262149
114,2010,144382
213,2010,353546
113,2010,36427531
222,2010,20723
111,2010,1319287
112,2010,276690
215,2010,234107
110,2010,16853012
109,2010,1010033
142,2010,125390
108,2010,252088
107,2010,2142935
5,2010,15134742
220,2010,105436
106,2010,3516152
105,2010,573772
104,2010,136332
103,2010,18236500
128,2010,0
102,2010,4562921
217,2010,1089688
101,2010,13644815
140,2010,1520994
100,2010,1460932
99,2010,90985
98,2010,1229556
97,2010,10213217
96,2010,23431656
11,2010,23883144
95,2010,5677687
93,2010,1683662
226,2010,1227976
92,2010,8161831
12,2010,61556164
91,2010,819747
229,2010,56089
230,2010,36839
239,2010,13034
232,2010,32771
90,2010,11244527
89,2010,1033298
233,2010,37476
87,2010,37461
86,2010,3602719
85,2010,4091591
83,2010,1431618
195,2010,26390
81,2010,12380319
127,2010,41475740
9,2010,30786919
141,2010,2423802
289,2010,59096809
79,2010,5742456
234,2010,166196
78,2010,132794
10,2010,8451151
7,2010,6571024
76,2010,882608
64,2010,1336859
75,2010,15054773
225,2010,33288
74,2010,195089
235,2010,16662
73,2010,644129
71,2010,3915495
70,2010,28800577
69,2010,152616
68,2010,4239392
67,2010,10669653
72,2010,5624065
1,2010,53810817
13,2010,221265013
256,2010,33140
63,2010,1565729
62,2010,4548401
221,2010,18904
238,2010,10847776
84,2010,27116825
355,2010,1999332784
61,2010,2915437
60,2010,1385003
80,2010,901524
15,2011,1485430
16,2011,1434063
17,2011,5486114
19,2011,750776
20,2011,49774
21,2011,21245008
22,2011,920186
219,2011,70417
23,2011,17868675
24,2011,6661296
25,2011,4573190
26,2011,238269
27,2011,984267
28,2011,6926036
29,2011,186600
30,2011,3754156
4,2011,8987777
31,2011,101062
32,2011,392465
33,2011,106633
34,2011,3023503
35,2011,1618958
36,2011,184621
37,2011,90779948
38,2011,220647
39,2011,3529510
40,2011,482457
41,2011,100383
42,2011,450674
43,2011,1026022
44,2011,28667056
45,2011,162581
174,2011,98475
173,2011,233484
172,2011,8962562
171,2011,523744941
170,2011,18725507
169,2011,38861
168,2011,252713
166,2011,1803947
143,2011,605964
165,2011,2492696
164,2011,1818707
163,2011,639580
162,2011,7449887
167,2011,800563
161,2011,5013979
154,2011,60616
160,2011,3810296
201,2011,4760652
65,2011,21989776
259,2011,1170394
159,2011,114343
157,2011,31323
156,2011,1016263
158,2011,990514
202,2011,242784
155,2011,4780796
3,2011,49293971
203,2011,132223
153,2011,305478
151,2011,189835
152,2011,1314780
6,2011,65775045
150,2011,2260962
149,2011,5899878
206,2011,31523
254,2011,92134
148,2011,1838717
147,2011,220703
94,2011,42649
146,2011,224730
145,2011,913055
139,2011,1327904
144,2011,5101518
138,2011,6732757
207,2011,306664
137,2011,125596668
136,2011,30172882
135,2011,14343401
134,2011,1586353
2,2011,3491804
133,2011,5212908
8,2011,32503424
132,2011,1059323
14,2011,101588804
130,2011,2643655
131,2011,8423574
129,2011,3738842
204,2011,10466
208,2011,2098725
126,2011,963655
125,2011,570014
122,2011,1459513
124,2011,2385951
123,2011,144492
121,2011,101754
120,2011,867090
119,2011,1960036
210,2011,468102
262,2011,330783
66,2011,1175041
118,2011,413135
117,2011,520400
116,2011,17467428
211,2011,127545
115,2011,341902
212,2011,284572
114,2011,167295
213,2011,437233
113,2011,44273257
222,2011,23591
111,2011,1549400
112,2011,345189
215,2011,222738
110,2011,15150376
109,2011,1072377
142,2011,495420
108,2011,265875
107,2011,2459443
5,2011,15300967
220,2011,127329
106,2011,3589038
105,2011,615629
104,2011,153582
103,2011,22477036
128,2011,0
102,2011,4625506
217,2011,1553889
101,2011,15676584
140,2011,1716682
100,2011,1583223
99,2011,145387
98,2011,1558562
97,2011,10716572
96,2011,27630603
11,2011,23739826
95,2011,5870494
93,2011,1779352
226,2011,1346917
92,2011,8119215
12,2011,70199354
91,2011,736125
229,2011,59103
230,2011,40128
239,2011,20643
232,2011,36048
90,2011,13413060
89,2011,1303489
233,2011,39639
87,2011,59505
86,2011,3674972
85,2011,4027090
83,2011,1382784
195,2011,32377
82,2011,155059
81,2011,17753916
127,2011,41665689
9,2011,31471340
141,2011,3047253
289,2011,72826152
79,2011,6140213
234,2011,170108
78,2011,222139
10,2011,8781507
7,2011,6756166
76,2011,1018418
64,2011,1522269
75,2011,15984332
225,2011,45261
74,2011,233775
235,2011,26144
73,2011,736803
71,2011,4207734
70,2011,31614303
69,2011,258703
68,2011,4566927
67,2011,13084166
72,2011,6764531
1,2011,54482584
13,2011,216894445
256,2011,37680
63,2011,1740369
62,2011,5406690
221,2011,22252
238,2011,11850136
84,2011,31365431
355,2011,2192101639
61,2011,3614791
60,2011,1640447
80,2011,1208479
15,2012,1674380
16,2012,1595975
17,2012,6836984
19,2012,1631250
20,2012,56131
21,2012,23489980
22,2012,1080721
219,2012,75907
23,2012,18029261
24,2012,6816593
25,2012,5021585
26,2012,266931
27,2012,1144191
28,2012,7786353
29,2012,200489
30,2012,4443189
4,2012,8946641
31,2012,104377
32,2012,437812
33,2012,117463
34,2012,3618464
35,2012,1644043
36,2012,334290
37,2012,97392413
38,2012,240940
39,2012,3794088
40,2012,617284
41,2012,113700
42,2012,729977
43,2012,1581179
44,2012,28967585
45,2012,178556
174,2012,134712
173,2012,266808
172,2012,9529015
171,2012,581710631
170,2012,22962546
169,2012,43253
168,2012,282945
166,2012,2210708
143,2012,1070930
165,2012,2661267
164,2012,2413015
163,2012,688868
162,2012,7773855
167,2012,1158815
161,2012,5176396
154,2012,72850
160,2012,4297575
201,2012,5417722
65,2012,23182700
259,2012,1264244
159,2012,144813
157,2012,36488
156,2012,1038615
158,2012,2680881
202,2012,294772
155,2012,4865186
3,2012,51828313
203,2012,143667
153,2012,421636
151,2012,224351
152,2012,1517391
6,2012,66758038
150,2012,2727703
149,2012,6266005
206,2012,33754
254,2012,98438
148,2012,2443369
147,2012,349726
94,2012,47408
146,2012,229693
145,2012,1008343
139,2012,1541223
144,2012,5180565
138,2012,6966023
207,2012,313188
137,2012,158894454
136,2012,36137845
135,2012,17377897
134,2012,2327137
2,2012,3598407
133,2012,5450966
8,2012,33349398
132,2012,959971
14,2012,102094352
130,2012,2957252
131,2012,10475331
129,2012,4582896
204,2012,11457
208,2012,2392169
126,2012,1107633
125,2012,689482
122,2012,1510932
124,2012,3011287
123,2012,208993
121,2012,108721
119,2012,2041940
210,2012,489529
262,2012,344888
66,2012,1191533
118,2012,513971
117,2012,700329
116,2012,19194160
211,2012,150349
115,2012,448187
212,2012,286978
114,2012,191512
213,2012,443944
113,2012,48029252
222,2012,26884
111,2012,1766765
112,2012,461533
215,2012,356030
110,2012,18472270
109,2012,1540596
142,2012,2039461
108,2012,292985
107,2012,3082773
5,2012,15590352
220,2012,149799
106,2012,3647665
105,2012,793410
104,2012,186182
103,2012,26934863
128,2012,0
102,2012,4743864
217,2012,2078786
101,2012,17719989
140,2012,1864013
100,2012,1520566
99,2012,260079
98,2012,1871663
97,2012,11520725
96,2012,35099725
11,2012,23875573
95,2012,6385071
93,2012,2551327
226,2012,1461931
92,2012,9254571
12,2012,91502341
91,2012,865682
229,2012,60878
230,2012,43731
239,2012,24449
232,2012,39454
90,2012,15706633
89,2012,1479979
233,2012,43444
87,2012,169153
86,2012,3795090
85,2012,4155434
83,2012,1408276
195,2012,38593
82,2012,175719
81,2012,21729267
127,2012,41994852
9,2012,32711154
141,2012,3734712
289,2012,91651962
79,2012,7557940
234,2012,186265
78,2012,259389
10,2012,8890216
7,2012,6842983
76,2012,1160083
64,2012,1938778
75,2012,17951517
225,2012,80973
74,2012,274379
235,2012,31485
73,2012,798462
71,2012,4511609
70,2012,33653381
69,2012,379063
68,2012,5119258
67,2012,15994710
72,2012,7565384
1,2012,56206188
13,2012,234061561
256,2012,42801
63,2012,1849673
62,2012,6971633
221,2012,26228
238,2012,14662581
84,2012,33286292
355,2012,2437368309
61,2012,4345918
60,2012,1979817
80,2012,1765299
15,2013,1872170
16,2013,1669655
17,2013,8626176
19,2013,2313852
20,2013,62020
21,2013,25481415
22,2013,1212380
219,2013,81415
23,2013,19320093
24,2013,6915305
25,2013,6851264
26,2013,271613
27,2013,1183870
28,2013,10446977
29,2013,202841
30,2013,5134721
4,2013,9163220
31,2013,115645
32,2013,490218
33,2013,171351
34,2013,3847058
35,2013,1749193
36,2013,638552
37,2013,103309366
38,2013,261687
39,2013,3855523
40,2013,1553618
41,2013,121367
42,2013,1021543
43,2013,2165572
44,2013,30249215
45,2013,195040
174,2013,152988
173,2013,328340
172,2013,10128530
171,2013,633319291
170,2013,24476321
169,2013,48198
168,2013,313592
166,2013,2163062
143,2013,2635957
165,2013,2855333
164,2013,3187418
163,2013,748735
162,2013,7851612
167,2013,1568953
161,2013,5335049
154,2013,85185
160,2013,4719115
201,2013,6308334
65,2013,26403385
259,2013,1444511
159,2013,177734
157,2013,41859
156,2013,1057305
158,2013,4364835
202,2013,309660
155,2013,4975287
3,2013,52363068
203,2013,155364
153,2013,554959
151,2013,260305
152,2013,1751879
6,2013,68400867
150,2013,3951938
149,2013,6777643
206,2013,37068
254,2013,104885
148,2013,3072454
147,2013,519148
94,2013,52126
146,2013,235005
145,2013,1105768
139,2013,1541086
144,2013,5304240
138,2013,7149393
207,2013,315736
137,2013,193062893
136,2013,37653620
135,2013,23191898
134,2013,3117249
2,2013,3663531
133,2013,5494351
8,2013,34881495
132,2013,1058020
14,2013,113196925
130,2013,3483174
131,2013,10892921
129,2013,5827490
204,2013,12482
208,2013,2715341
126,2013,1307276
125,2013,811820
122,2013,1535372
124,2013,3719652
123,2013,317604
121,2013,137161
120,2013,1022335
119,2013,2051762
210,2013,510820
262,2013,378903
66,2013,1354212
118,2013,688834
117,2013,837146
116,2013,16949918
211,2013,175252
115,2013,576724
212,2013,291675
114,2013,244663
213,2013,503582
113,2013,53254132
222,2013,28829
111,2013,2443178
112,2013,507831
215,2013,378200
110,2013,18941871
109,2013,1928107
142,2013,4115856
108,2013,321996
107,2013,3722046
5,2013,15821975
220,2013,172847
106,2013,3739609
105,2013,921591
104,2013,211903
103,2013,32819397
102,2013,4825957
217,2013,2466279
101,2013,19806673
140,2013,2057224
100,2013,1690075
99,2013,387236
98,2013,2385858
97,2013,11981761
96,2013,47368415
11,2013,24077183
95,2013,6537222
93,2013,2545219
226,2013,1919653
92,2013,9986840
12,2013,97603037
91,2013,995864
229,2013,63238
230,2013,47554
239,2013,29186
232,2013,43020
90,2013,18116408
89,2013,1849762
233,2013,46754
87,2013,276883
86,2013,4337027
85,2013,4225232
83,2013,1501564
195,2013,45081
82,2013,196985
81,2013,25001839
127,2013,42528466
258,2013,428094
9,2013,33451792
141,2013,4495464
289,2013,113117208
79,2013,8364931
234,2013,202910
78,2013,314050
10,2013,9113677
7,2013,7021751
76,2013,1308449
64,2013,2228010
75,2013,19720603
225,2013,130280
74,2013,316933
235,2013,34499
73,2013,860182
71,2013,4824376
70,2013,35051642
69,2013,515163
68,2013,5820828
67,2013,18476777
72,2013,7925511
1,2013,58076224
13,2013,225293187
256,2013,47706
63,2013,1966078
62,2013,8045289
221,2013,28605
238,2013,16644499
84,2013,35226624
355,2013,2649104793
61,2013,5115264
60,2013,2333594
80,2013,2333448
15,2014,2293061
16,2014,1755386
17,2014,11538427
19,2014,2745888
20,2014,67017
21,2014,27809040
22,2014,1587459
219,2014,86959
23,2014,19718721
24,2014,6992548
25,2014,7127830
26,2014,293964
27,2014,1209481
28,2014,22157334
29,2014,212992
30,2014,5597959
4,2014,9536287
31,2014,136106
32,2014,617203
33,2014,235264
34,2014,3654507
35,2014,1780067
36,2014,796837
37,2014,111400310
38,2014,283129
39,2014,4007568
40,2014,1653082
41,2014,136507
42,2014,2137911
43,2014,3606172
44,2014,31018839
45,2014,211944
174,2014,162554
173,2014,393514
172,2014,10763792
171,2014,665862876
170,2014,25124208
169,2014,53005
168,2014,346335
166,2014,2521515
143,2014,4342744
165,2014,2919390
164,2014,3325561
163,2014,798896
162,2014,7867467
167,2014,2211686
161,2014,5436791
154,2014,97693
160,2014,5159217
201,2014,7250291
65,2014,31119506
259,2014,1555330
159,2014,213009
157,2014,46986
156,2014,1110606
158,2014,7497242
202,2014,331291
155,2014,4724315
3,2014,53759659
203,2014,167164
153,2014,714107
151,2014,298418
152,2014,1756632
6,2014,70235938
150,2014,6880236
149,2014,7120433
206,2014,54882
254,2014,111502
148,2014,3726113
147,2014,755553
94,2014,57295
146,2014,244286
145,2014,1205261
139,2014,1680798
144,2014,5746029
138,2014,7424102
207,2014,322415
137,2014,271710452
136,2014,43729473
135,2014,30854765
134,2014,4624303
2,2014,3912712
133,2014,5957407
8,2014,33152548
132,2014,1156361
14,2014,114201877
130,2014,4069899
131,2014,11541934
129,2014,7594001
204,2014,13531
208,2014,2976788
126,2014,1634202
125,2014,937794
122,2014,1528828
124,2014,4090394
123,2014,472073
121,2014,237539
120,2014,1101850
119,2014,2136380
210,2014,526664
262,2014,410851
66,2014,1413943
118,2014,872823
117,2014,995113
116,2014,19244796
211,2014,201184
115,2014,1187399
212,2014,311390
114,2014,434839
213,2014,563275
113,2014,55141968
222,2014,30840
111,2014,2726859
112,2014,583096
215,2014,382881
110,2014,19492671
109,2014,2513421
142,2014,5981666
108,2014,351855
107,2014,4373108
5,2014,15481910
220,2014,185848
106,2014,3904529
105,2014,1058463
104,2014,239099
103,2014,37056705
102,2014,4950119
217,2014,2781362
101,2014,22265551
140,2014,2435236
100,2014,1753671
99,2014,504126
98,2014,2817611
97,2014,12451288
96,2014,49650716
11,2014,25503178
95,2014,6763327
226,2014,2172356
92,2014,10801256
12,2014,101380524
91,2014,1202608
229,2014,70039
230,2014,51835
239,2014,40765
232,2014,46688
90,2014,19916742
89,2014,2574662
233,2014,47797
87,2014,428806
86,2014,4305783
85,2014,4345186
83,2014,1482518
195,2014,51795
82,2014,220264
81,2014,26724390
127,2014,44115997
258,2014,520756
9,2014,35444980
141,2014,5320880
289,2014,138535761
79,2014,9298622
234,2014,219610
78,2014,338992
10,2014,8964611
7,2014,7192696
76,2014,1462644
64,2014,3656441
75,2014,23870612
225,2014,212242
74,2014,412048
235,2014,38033
73,2014,881775
71,2014,5144028
70,2014,39316433
69,2014,666881
68,2014,6562834
67,2014,20752290
72,2014,8200064
1,2014,59560870
13,2014,231934709
256,2014,52629
63,2014,2101653
62,2014,10827364
221,2014,48664
238,2014,17520875
84,2014,37943415
355,2014,2902737310
61,2014,5918547
60,2014,2967985
80,2014,2522081
15,2015,2786634
16,2015,1849106
17,2015,15230924
19,2015,3454554
20,2015,69946
21,2015,29542778
22,2015,1723987
219,2015,92510
23,2015,20125028
24,2015,7284877
25,2015,7405463
26,2015,301734
27,2015,1282387
28,2015,23212928
29,2015,216318
30,2015,6383925
4,2015,9600720
31,2015,149428
32,2015,1190322
33,2015,313380
34,2015,3813949
35,2015,1859915
36,2015,824297
37,2015,120133479
38,2015,297290
39,2015,4066447
40,2015,2062374
41,2015,496319
42,2015,3464690
43,2015,4722213
44,2015,31804708
45,2015,227447
174,2015,172752
173,2015,490329
172,2015,13611542
171,2015,702705362
170,2015,26962240
169,2015,57989
168,2015,380467
166,2015,2873314
143,2015,8882897
165,2015,2956870
164,2015,4275698
163,2015,832611
162,2015,8023744
167,2015,2895471
161,2015,5479948
154,2015,110570
160,2015,5708049
201,2015,7901124
65,2015,35466326
259,2015,1691909
159,2015,250593
157,2015,52528
156,2015,1162899
158,2015,13837584
202,2015,379163
155,2015,4737632
3,2015,50283063
203,2015,179277
153,2015,883722
151,2015,326302
152,2015,1879730
6,2015,71567689
150,2015,8674205
149,2015,7497417
206,2015,57481
254,2015,118338
148,2015,4681665
147,2015,991506
94,2015,62689
146,2015,261295
145,2015,1306503
139,2015,2474964
144,2015,6155104
138,2015,7126092
207,2015,324299
137,2015,340354035
136,2015,56733881
135,2015,35978058
134,2015,6219115
2,2015,3924345
133,2015,6238096
8,2015,34596781
132,2015,1212566
14,2015,116531474
130,2015,5506058
131,2015,12572064
129,2015,7841219
204,2015,14610
208,2015,3051156
126,2015,1774110
125,2015,1212842
122,2015,1578201
124,2015,4330094
123,2015,543661
121,2015,265652
120,2015,1185644
119,2015,2092750
210,2015,546225
262,2015,466332
66,2015,1463421
118,2015,1011524
117,2015,1634020
116,2015,21833124
211,2015,227870
115,2015,1804435
212,2015,324817
114,2015,635679
213,2015,631483
113,2015,72300485
222,2015,32898
111,2015,2805526
112,2015,669797
215,2015,427912
110,2015,19865736
109,2015,4743200
142,2015,11385134
108,2015,623075
107,2015,5038238
5,2015,15536692
220,2015,199132
106,2015,4071073
105,2015,1198422
104,2015,492693
103,2015,44389527
102,2015,5033977
217,2015,3088120
101,2015,26513272
140,2015,2677623
100,2015,2032471
99,2015,625666
98,2015,3300970
97,2015,12833058
96,2015,54621685
11,2015,26019206
95,2015,7150500
93,2015,2331715
226,2015,2304973
92,2015,11083840
12,2015,100865491
91,2015,2093320
229,2015,75367
230,2015,56665
239,2015,49228
232,2015,50492
90,2015,21968896
89,2015,3248550
233,2015,50864
87,2015,459147
86,2015,4373574
85,2015,4222798
83,2015,1516643
195,2015,58751
82,2015,244783
81,2015,28706715
127,2015,45483702
258,2015,653517
9,2015,36510136
141,2015,6211879
289,2015,175112830
79,2015,10284180
234,2015,236573
78,2015,338235
10,2015,8846786
7,2015,7278055
76,2015,1622534
64,2015,5387996
75,2015,26993509
225,2015,285425
74,2015,528076
235,2015,41111
73,2015,941163
71,2015,5242252
70,2015,42066986
69,2015,834613
68,2015,7159781
67,2015,21830759
72,2015,8284643
1,2015,60165510
13,2015,238520635
256,2015,57568
63,2015,2216783
62,2015,13257737
221,2015,59142
238,2015,19275447
84,2015,40703632
355,2015,3175188441
61,2015,6482879
60,2015,3381123
80,2015,3588237
15,2016,3672058
16,2016,1942025
17,2016,17438483
19,2016,3745750
20,2016,73703
21,2016,31118074
22,2016,1882003
219,2016,98053
23,2016,21288325
24,2016,7346364
25,2016,7605244
26,2016,312986
27,2016,1396667
28,2016,29733670
29,2016,226713
30,2016,6741547
4,2016,9826872
31,2016,163572
32,2016,1304029
33,2016,333248
34,2016,4322219
35,2016,2119233
36,2016,885770
37,2016,126403573
38,2016,380876
39,2016,4266455
40,2016,2603042
41,2016,544479
42,2016,5106764
43,2016,5859797
44,2016,33081802
45,2016,271522
174,2016,183785
173,2016,722627
172,2016,14965390
171,2016,746662194
170,2016,28285392
169,2016,63157
168,2016,416317
166,2016,3207196
143,2016,9765088
165,2016,3062930
164,2016,4932377
279,2016,98580
163,2016,888129
162,2016,8115380
167,2016,4889495
161,2016,5538674
154,2016,123775
160,2016,6801383
201,2016,8858247
65,2016,39469731
259,2016,1839784
159,2016,290470
157,2016,58322
156,2016,1144939
158,2016,15736221
202,2016,417986
155,2016,4826448
3,2016,51304091
203,2016,191776
153,2016,951332
151,2016,377123
152,2016,2326195
6,2016,73434128
150,2016,9778145
149,2016,7726596
206,2016,59943
254,2016,125446
148,2016,5722498
147,2016,1214801
94,2016,68296
146,2016,275760
145,2016,1326911
139,2016,2733860
144,2016,6388370
138,2016,7730392
207,2016,326623
137,2016,391255067
136,2016,66453884
135,2016,42729084
134,2016,7898106
2,2016,4017692
133,2016,6525047
8,2016,36444965
132,2016,1278367
14,2016,119039541
130,2016,5891172
131,2016,13416643
129,2016,8044620
204,2016,15672
208,2016,3175904
126,2016,2054728
125,2016,1478052
122,2016,1573312
124,2016,4571675
123,2016,602965
121,2016,337691
120,2016,1275778
119,2016,2163058
210,2016,565019
262,2016,499791
66,2016,1501732
118,2016,1173445
117,2016,2075104
116,2016,24571919
211,2016,252772
115,2016,1999620
212,2016,331851
114,2016,774183
213,2016,658723
113,2016,75938137
222,2016,34999
111,2016,2882322
112,2016,674073
215,2016,439287
110,2016,20556219
109,2016,5051281
142,2016,13260073
108,2016,769538
107,2016,5706349
5,2016,15358408
106,2016,4123448
105,2016,1511150
104,2016,893643
103,2016,47743541
102,2016,5112723
217,2016,3400430
101,2016,29974665
140,2016,2930876
100,2016,2178424
99,2016,776284
98,2016,3591314
97,2016,14444940
96,2016,57342723
11,2016,28018760
95,2016,7304070
93,2016,2517649
226,2016,2423097
92,2016,11768741
12,2016,105225728
91,2016,2383502
229,2016,83185
230,2016,60934
239,2016,57390
232,2016,55975
90,2016,24168034
89,2016,3955355
233,2016,53253
87,2016,870767
86,2016,4748163
85,2016,4381283
83,2016,1568755
195,2016,65941
82,2016,269178
81,2016,30248355
127,2016,47156754
258,2016,816980
9,2016,37338225
141,2016,6666125
289,2016,197652432
79,2016,11082072
234,2016,253499
78,2016,383770
10,2016,8819442
7,2016,7488864
76,2016,1788044
64,2016,7224386
75,2016,32713589
225,2016,320292
74,2016,860281
235,2016,42795
73,2016,1000475
71,2016,5656011
70,2016,46393699
69,2016,1018710
68,2016,9075978
67,2016,23552471
72,2016,8398269
1,2016,62351648
13,2016,245425910
256,2016,62537
63,2016,2286820
62,2016,14714360
221,2016,64896
238,2016,18940907
84,2016,43974618
355,2016,3419398061
61,2016,6779981
60,2016,4231896
80,2016,3733962
23,2017,21160670
24,2017,7681572
25,2017,7763795
27,2017,1431062
30,2017,7047894
4,2017,10021205
35,2017,2437067
39,2017,4492334
42,2017,5441827
43,2017,5581180
45,2017,312327
172,2017,14864002
171,2017,765367947
170,2017,30548193
166,2017,3511631
143,2017,10650799
165,2017,2810896
163,2017,952407
162,2017,8358640
161,2017,5567241
154,2017,532863
201,2017,9521429
65,2017,43850341
156,2017,1153818
155,2017,4831111
3,2017,52308536
152,2017,2366455
6,2017,69300711
144,2017,6585380
138,2017,7461350
136,2017,85249263
135,2017,49035599
134,2017,18892351
2,2017,4024333
133,2017,6788835
8,2017,36388297
14,2017,115848998
131,2017,13913107
208,2017,4053797
122,2017,1585391
119,2017,2243311
210,2017,570780
262,2017,517814
118,2017,2505948
116,2017,25343837
212,2017,344976
113,2017,82473657
215,2017,448274
110,2017,22073555
5,2017,15877031
104,2017,2195911
102,2017,5120147
98,2017,4160051
97,2017,15673479
11,2017,29004155
95,2017,7622268
92,2017,12545023
12,2017,109443932
230,2017,72048
90,2017,26375524
86,2017,4821092
85,2017,4446690
83,2017,1640798
127,2017,48482630
9,2017,39216797
10,2017,9554872
7,2017,7943192
75,2017,36515273
74,2017,963813
71,2017,6400330
70,2017,52229607
72,2017,8913210
