{
  "names":["Universal Access", "Empowerment"],
  "metadata":[{"id": "Universal Access", "Definition": "This criteria measures each country's communication infrastructure, the level of access and affordability of digital services as well as the level of education and awareness of such facilities "}, {"id": "Empowerment", "Definition": "Definition"}],
  "samples":[{"id": "Universal Access", "country": ["Denmark", "Finland", "Norway", "UK", "Sweden", "United States Of America", "Iceland", "Republic Of Korea", "Netherlands", "Belgium", "France", "New Zealand", "Australia", "Germany", "Austria"], "score": [100, 99, 98, 96, 95, 95, 94, 93, 92, 90, 90, 88, 88, 87, 86], "rank": [1, 2, 3, 4, 5, 6, 7, 8, 9, 10, 11, 12, 13, 14, 15]}, 
  {"id": "Empowerment", "country": ["UK", "US", "Sweden", "Denmark", "Finland", "Norway", "France", "Netherlands", "Switzerland", "Austria", "Republic Of Korea", "Estonia", "Germany", "New Zealand", "Canada", "Iceland"], "score": [100, 100, 95, 94, 93, 87, 86, 84, 84, 83, 83, 80, 79, 78, 77], "rank": [1, 2, 3, 4, 5, 6, 7, 8, 9, 10, 11, 12, 13, 14, 15]}]
}

