Country_ID,Country_Value,Country_Years
15,0,1990
16,0,1990
17,0,1990
19,0,1990
20,0,1990
21,0,1990
22,0,1990
219,0,1990
23,99709,1990
24,10070,1990
25,0,1990
26,0,1990
27,0,1990
28,0,1990
29,0,1990
30,0,1990
4,101,1990
31,0,1990
32,0,1990
33,0,1990
34,0,1990
35,0,1990
36,0,1990
37,0,1990
38,0,1990
39,0,1990
40,0,1990
41,0,1990
42,0,1990
43,0,1990
44,99970,1990
45,0,1990
174,0,1990
173,0,1990
172,0,1990
171,0,1990
170,0,1990
169,0,1990
168,0,1990
166,0,1990
143,0,1990
165,0,1990
164,0,1990
163,0,1990
162,0,1990
167,0,1990
161,5001,1990
154,0,1990
160,0,1990
201,0,1990
65,0,1990
259,0,1990
159,0,1990
157,0,1990
156,0,1990
158,0,1990
202,0,1990
155,20039,1990
3,30063,1990
203,0,1990
153,0,1990
151,0,1990
152,0,1990
6,99604,1990
150,0,1990
149,0,1990
206,0,1990
254,0,1990
148,0,1990
147,0,1990
94,0,1990
146,0,1990
145,0,1990
139,0,1990
144,0,1990
138,0,1990
207,0,1990
137,0,1990
136,0,1990
135,0,1990
134,0,1990
2,0,1990
133,4985,1990
8,10023,1990
132,0,1990
14,25269,1990
130,0,1990
131,0,1990
129,0,1990
204,0,1990
208,0,1990
126,0,1990
125,0,1990
122,0,1990
124,0,1990
123,0,1990
121,0,1990
120,0,1990
119,0,1990
210,0,1990
262,0,1990
66,0,1990
118,0,1990
117,0,1990
116,0,1990
211,0,1990
115,0,1990
212,0,1990
114,0,1990
213,0,1990
113,0,1990
222,0,1990
111,0,1990
112,0,1990
110,0,1990
109,0,1990
142,0,1990
108,0,1990
107,0,1990
5,50043,1990
220,0,1990
106,0,1990
105,0,1990
104,0,1990
103,0,1990
128,0,1990
102,30041,1990
217,0,1990
101,0,1990
140,0,1990
100,0,1990
99,0,1990
98,0,1990
97,0,1990
96,0,1990
11,0,1990
95,0,1990
93,0,1990
226,0,1990
92,0,1990
12,0,1990
91,0,1990
229,0,1990
230,0,1990
239,0,1990
232,0,1990
90,0,1990
89,0,1990
233,0,1990
87,0,1990
86,0,1990
85,0,1990
83,0,1990
195,0,1990
82,0,1990
81,0,1990
127,9986,1990
9,5060,1990
141,0,1990
289,0,1990
79,0,1990
234,0,1990
78,0,1990
10,50050,1990
7,39763,1990
76,0,1990
64,0,1990
75,0,1990
225,0,1990
74,0,1990
235,0,1990
73,0,1990
71,0,1990
70,0,1990
69,0,1990
68,0,1990
67,0,1990
72,0,1990
1,49953,1990
13,1981674,1990
256,0,1990
63,0,1990
62,0,1990
221,0,1990
238,0,1990
84,0,1990
355,2630452,1990
61,0,1990
60,0,1990
80,0,1990
23,189508,1991
24,20138,1991
4,2015,1991
36,0,1991
37,4997,1991
41,0,1991
44,159962,1991
161,10003,1991
155,70139,1991
3,80198,1991
6,199129,1991
149,5046,1991
206,0,1991
144,7081,1991
138,351,1991
207,1301,1991
2,2031,1991
133,9965,1991
8,20040,1991
14,50523,1991
211,0,1991
113,5120,1991
107,0,1991
5,80067,1991
102,60088,1991
11,1991,1991
95,9997,1991
86,5001,1991
81,5106,1991
127,20008,1991
9,10121,1991
10,100096,1991
7,79542,1991
75,30,1991
74,0,1991
1,99903,1991
13,2965851,1991
21,1007,1992
23,309285,1992
24,50339,1992
4,10082,1992
37,20010,1992
41,0,1992
44,259995,1992
172,4997,1992
166,36,1992
163,401,1992
161,20010,1992
201,548,1992
156,996,1992
155,95192,1992
3,160445,1992
6,348429,1992
149,5047,1992
206,0,1992
144,50286,1992
138,5009,1992
207,4004,1992
137,1008,1992
2,6089,1992
133,14935,1992
8,40063,1992
14,121178,1992
210,600,1992
116,199,1992
211,0,1992
113,15374,1992
107,0,1992
5,200191,1992
106,10017,1992
102,95142,1992
11,19908,1992
95,25067,1992
12,997,1992
86,15034,1992
81,15299,1992
127,43154,1992
9,30366,1992
10,130116,1992
7,119386,1992
75,199,1992
74,0,1992
1,149839,1992
13,4439033,1992
238,2513,1992
21,10072,1993
23,349259,1993
24,60402,1993
4,20181,1993
37,40066,1993
39,201,1993
41,0,1993
44,340102,1993
172,9965,1993
171,2053,1993
166,2723,1993
165,4567,1993
163,462,1993
162,60219,1993
161,30020,1993
201,1796,1993
65,598,1993
157,0,1993
156,4475,1993
202,50,1993
155,130267,1993
3,341052,1993
6,373319,1993
149,20194,1993
206,0,1993
144,79852,1993
138,20037,1993
207,7007,1993
137,2016,1993
2,10137,1993
133,19893,1993
8,70081,1993
14,504476,1993
208,1619,1993
210,1199,1993
116,4979,1993
211,0,1993
113,25644,1993
107,0,1993
5,300335,1993
106,22499,1993
102,120179,1993
11,49769,1993
95,45264,1993
92,861,1993
12,19960,1993
87,0,1993
86,25093,1993
85,6835,1993
83,8199,1993
81,45840,1993
127,110828,1993
9,50614,1993
10,150127,1993
7,149360,1993
75,7927,1993
74,0,1993
70,4792,1993
67,399,1993
1,299645,1993
13,5906809,1993
238,8843,1993
355,14073444,1993
17,102,1994
21,15104,1994
22,299,1994
23,399161,1994
24,110738,1994
25,110,1994
30,49,1994
4,70685,1994
37,60165,1994
39,1655,1994
41,0,1994
44,690444,1994
172,19881,1994
171,14356,1994
170,39465,1994
166,9589,1994
165,12498,1994
163,929,1994
162,130471,1994
161,70056,1994
201,3900,1994
65,3989,1994
157,0,1994
156,16899,1994
202,61,1994
155,250527,1994
3,521839,1994
6,746622,1994
149,40407,1994
206,0,1994
254,498,1994
147,10,1994
144,168586,1994
138,50090,1994
207,18016,1994
137,10077,1994
136,2055,1994
135,244,1994
2,20251,1994
133,29807,1994
8,110097,1994
132,925,1994
14,1008107,1994
131,85,1994
208,2449,1994
210,1998,1994
262,140,1994
116,19908,1994
211,0,1994
113,40023,1994
111,36,1994
107,0,1994
5,500620,1994
106,114812,1994
105,595,1994
102,180283,1994
100,205,1994
97,2009,1994
96,3988,1994
11,149350,1994
95,72634,1994
93,997,1994
92,6080,1994
12,79872,1994
87,0,1994
86,40123,1994
85,17081,1994
83,21384,1994
81,101772,1994
127,139570,1994
9,111369,1994
141,501,1994
79,0,1994
10,300267,1994
7,189347,1994
75,22744,1994
74,0,1994
71,661,1994
70,28707,1994
67,6977,1994
1,599272,1994
13,12776546,1994
256,1003,1994
63,2000,1994
238,12055,1994
355,25348069,1994
60,603,1994
80,193,1994
16,347,1995
17,511,1995
20,1620,1995
21,30193,1995
22,1697,1995
23,498856,1995
24,151030,1995
25,160,1995
26,2690,1995
27,1952,1995
29,21,1995
30,296,1995
4,101014,1995
31,94,1995
34,5055,1995
36,1012,1995
37,170636,1995
38,3023,1995
39,10027,1995
41,0,1995
44,1221165,1995
172,49606,1995
171,61435,1995
170,70408,1995
166,14635,1995
143,29,1995
165,23731,1995
164,10,1995
163,3508,1995
162,150568,1995
161,200185,1995
154,101,1995
160,1360,1995
201,5015,1995
65,19955,1995
157,0,1995
156,39823,1995
158,10,1995
202,71,1995
155,711557,1995
3,953970,1995
151,98,1995
152,594,1995
6,1492989,1995
150,58,1995
149,80879,1995
206,0,1995
254,960,1995
148,312,1995
147,53,1995
139,2100,1995
144,197627,1995
138,70119,1995
207,30017,1995
137,251924,1995
136,51425,1995
135,2532,1995
2,40473,1995
133,49626,1995
8,300254,1995
132,2778,1995
14,2014884,1995
130,1062,1995
131,1812,1995
129,199,1995
208,3268,1995
124,2172,1995
210,6493,1995
262,1080,1995
66,808,1995
116,29857,1995
211,0,1995
212,856,1995
113,96457,1995
111,150,1995
112,202,1995
110,1005,1995
108,102,1995
107,198,1995
5,1001258,1995
220,10,1995
106,179493,1995
105,1386,1995
102,280502,1995
101,151,1995
100,1538,1995
97,8032,1995
96,19963,1995
11,249078,1995
95,151671,1995
93,4985,1995
226,977,1995
92,17213,1995
12,219691,1995
229,449,1995
230,139,1995
90,2053,1995
89,61,1995
87,0,1995
86,99960,1995
85,28125,1995
83,57732,1995
195,89,1995
82,0,1995
81,284827,1995
127,371307,1995
9,151903,1995
141,1001,1995
79,0,1995
234,509,1995
78,10,1995
10,450483,1995
7,249299,1995
75,44515,1995
74,0,1995
235,118,1995
73,1985,1995
71,1020,1995
70,47778,1995
68,588,1995
67,21932,1995
72,2521,1995
1,1098787,1995
13,24539142,1995
256,3009,1995
63,10001,1995
62,349,1995
238,27118,1995
355,44714405,1995
60,803,1995
80,870,1995
16,996,1996
17,511,1996
19,114,1996
20,2162,1996
21,50280,1996
22,2996,1996
219,2303,1996
23,598443,1996
24,553967,1996
25,499,1996
26,4958,1996
27,4880,1996
29,1036,1996
30,2962,1996
4,303024,1996
31,1886,1996
32,103,1996
34,15132,1996
35,572,1996
36,2526,1996
37,743411,1996
38,10065,1996
39,60137,1996
40,100,1996
41,49,1996
44,2002527,1996
174,201,1996
172,99089,1996
171,163519,1996
170,125569,1996
168,102,1996
166,30251,1996
143,1261,1996
165,39297,1996
164,3502,1996
163,5881,1996
162,200840,1996
167,46,1996
161,300315,1996
154,201,1996
160,6021,1996
201,10067,1996
65,39913,1996
259,4900,1996
157,0,1996
156,49977,1996
158,1008,1996
202,505,1996
155,861989,1996
3,1511652,1996
203,199,1996
153,0,1996
151,389,1996
152,1981,1996
6,2487416,1996
150,971,1996
149,151828,1996
206,300,1996
254,2008,1996
148,2080,1996
147,158,1996
146,502,1996
145,596,1996
139,2565,1996
144,296413,1996
138,100151,1996
207,40000,1996
137,453560,1996
136,113200,1996
135,9746,1996
2,80931,1996
133,119002,1996
8,585625,1996
132,15145,1996
14,5538558,1996
130,2119,1996
131,5035,1996
129,2488,1996
208,13962,1996
122,20146,1996
124,4304,1996
123,51,1996
119,9998,1996
210,22984,1996
262,2862,1996
66,1512,1996
118,514,1996
116,179128,1996
211,588,1996
115,203,1996
212,4035,1996
213,2099,1996
113,191764,1996
222,301,1996
111,200,1996
112,421,1996
110,1559,1996
109,494,1996
108,154,1996
107,988,1996
5,1501709,1996
220,494,1996
106,298945,1996
105,3953,1996
104,102,1996
103,9781,1996
102,801774,1996
217,0,1996
101,3768,1996
100,6152,1996
99,104,1996
98,992,1996
97,60182,1996
96,39971,1996
11,498699,1996
95,303823,1996
93,9974,1996
226,4858,1996
92,50539,1996
12,399434,1996
91,54,1996
229,999,1996
230,522,1996
90,5114,1996
89,1009,1996
233,506,1996
87,107,1996
86,297771,1996
85,42179,1996
83,100887,1996
195,993,1996
82,119,1996
81,361155,1996
127,743208,1996
9,532863,1996
141,10006,1996
289,405593,1996
79,0,1996
234,1018,1996
78,495,1996
10,801190,1996
7,321259,1996
64,500,1996
75,69458,1996
74,481,1996
235,158,1996
73,4946,1996
71,2556,1996
70,114523,1996
68,981,1996
67,49864,1996
72,9651,1996
1,2398181,1996
13,44135783,1996
256,5016,1996
63,60007,1996
62,998,1996
221,98,1996
238,56231,1996
84,103,1996
355,77323781,1996
61,99,1996
60,852,1996
80,1934,1996
16,1503,1997
17,3069,1997
19,856,1997
20,2706,1997
21,100457,1997
22,3498,1997
23,3023026,1997
24,765852,1997
25,1996,1997
26,3911,1997
27,9794,1997
28,930,1997
29,2091,1997
30,4938,1997
4,504859,1997
31,2856,1997
32,1548,1997
34,35249,1997
35,2230,1997
36,5040,1997
37,1317038,1997
38,15075,1997
39,100168,1997
40,1993,1997
41,488,1997
42,660,1997
43,959,1997
44,4507110,1997
45,984,1997
174,502,1997
173,49,1997
172,155338,1997
171,407873,1997
170,212751,1997
169,0,1997
168,103,1997
166,60405,1997
143,2908,1997
165,78393,1997
164,7514,1997
163,39019,1997
162,301442,1997
167,93,1997
161,600709,1997
154,548,1997
160,11648,1997
201,13143,1997
65,59854,1997
259,14718,1997
159,226,1997
157,285,1997
156,80440,1997
158,3029,1997
202,1772,1997
155,1002462,1997
3,2500385,1997
203,480,1997
153,548,1997
151,579,1997
152,2974,1997
6,5469527,1997
150,4849,1997
149,202741,1997
206,1002,1997
254,3524,1997
148,10395,1997
147,317,1997
94,193,1997
146,1003,1997
139,10309,1997
144,668622,1997
138,200248,1997
207,74937,1997
137,705842,1997
136,395330,1997
135,29321,1997
2,151775,1997
133,247754,1997
8,1301950,1997
132,20638,1997
14,11628186,1997
130,28962,1997
131,10065,1997
129,9962,1997
208,37300,1997
122,50377,1997
124,38383,1997
123,101,1997
121,106,1997
119,35027,1997
210,29998,1997
262,9493,1997
66,10078,1997
118,2057,1997
117,485,1997
116,497597,1997
211,818,1997
115,1020,1997
212,15180,1997
114,103,1997
213,5489,1997
113,610260,1997
222,619,1997
111,1205,1997
112,2633,1997
110,6020,1997
109,1978,1997
108,1033,1997
107,4926,1997
5,2202023,1997
220,1976,1997
106,547902,1997
105,9871,1997
104,204,1997
103,19568,1997
128,0,1997
102,902524,1997
217,9894,1997
101,35562,1997
100,15385,1997
99,5185,1997
98,4959,1997
97,100161,1997
96,100035,1997
11,799087,1997
95,506835,1997
93,49895,1997
226,16486,1997
92,100817,1997
12,698891,1997
91,106,1997
229,1499,1997
230,1001,1997
239,301,1997
90,10162,1997
89,2515,1997
233,1007,1997
87,215,1997
86,491598,1997
85,63259,1997
83,150924,1997
195,1489,1997
82,240,1997
81,712524,1997
127,1663664,1997
9,1125016,1997
141,30018,1997
289,781014,1997
79,313,1997
234,4574,1997
78,889,1997
10,2104397,1997
7,1070857,1997
64,2499,1997
75,219426,1997
74,9574,1997
235,494,1997
73,14790,1997
71,4097,1997
70,285982,1997
68,2256,1997
67,99787,1997
72,88981,1997
1,4309135,1997
13,58826128,1997
256,7526,1997
63,110012,1997
62,2499,1997
221,244,1997
238,90351,1997
84,3084,1997
355,120719713,1997
61,2465,1997
60,902,1997
80,3874,1997
16,2018,1998
17,6140,1998
19,2861,1998
20,3251,1998
21,301083,1998
22,4000,1998
23,5751305,1998
24,1240028,1998
25,2995,1998
26,6775,1998
27,19750,1998
28,4659,1998
29,5279,1998
30,7411,1998
4,807377,1998
31,4816,1998
32,3098,1998
34,50283,1998
35,5388,1998
36,10058,1998
37,2514909,1998
38,20062,1998
39,150135,1998
40,4982,1998
41,980,1998
42,1893,1998
43,1919,1998
44,7513571,1998
45,1973,1998
174,1003,1998
173,331,1998
172,247482,1998
171,2136150,1998
170,441864,1998
169,195,1998
168,104,1998
166,100452,1998
143,9686,1998
165,147030,1998
164,25082,1998
163,80789,1998
162,402193,1998
167,185,1998
161,1201529,1998
154,645,1998
160,19406,1998
201,15238,1998
65,99711,1998
259,24574,1998
159,535,1998
157,283,1998
156,151830,1998
158,6068,1998
202,5067,1998
155,1314430,1998
3,3730876,1998
203,3006,1998
153,1993,1998
151,2393,1998
152,4962,1998
6,8050374,1998
150,5815,1998
149,355380,1998
206,1504,1998
254,6854,1998
148,51948,1998
147,527,1998
94,289,1998
146,2002,1998
145,1982,1998
139,18653,1998
144,941683,1998
138,400375,1998
207,99834,1998
137,1412482,1998
136,525205,1998
135,63783,1998
2,303647,1998
133,594224,1998
8,2605356,1998
132,51672,1998
14,17052903,1998
130,64353,1998
131,20119,1998
129,14963,1998
204,503,1998
208,56053,1998
126,3485,1998
125,497,1998
122,80579,1998
124,84773,1998
123,201,1998
121,105,1998
119,70109,1998
210,50016,1998
262,28702,1998
66,20178,1998
118,9265,1998
117,1933,1998
116,1493050,1998
211,1533,1998
115,2055,1998
212,25392,1998
114,1035,1998
213,29893,1998
113,1250865,1998
222,2012,1998
111,11093,1998
112,3435,1998
110,40094,1998
109,3461,1998
108,5192,1998
107,14718,1998
5,3502435,1998
220,3953,1998
106,1197108,1998
105,14794,1998
104,307,1998
103,29366,1998
128,0,1998
102,1003358,1998
217,19427,1998
101,58122,1998
100,80108,1998
99,12432,1998
98,9919,1998
97,299973,1998
96,824175,1998
11,1581756,1998
95,1013920,1998
93,99799,1998
226,19375,1998
92,502533,1998
12,1197831,1998
91,830,1998
229,1999,1998
230,2001,1998
239,398,1998
232,395,1998
90,20167,1998
89,7523,1998
233,2000,1998
87,645,1998
86,731018,1998
85,145122,1998
83,200877,1998
195,1986,1998
82,603,1998
81,1289552,1998
127,3162187,1998
9,1757522,1998
141,55034,1998
289,1457807,1998
79,1249,1998
234,7709,1998
78,986,1998
10,2968852,1998
7,1764551,1998
64,3000,1998
75,672161,1998
74,14298,1998
235,743,1998
73,34402,1998
71,10254,1998
70,428574,1998
68,14724,1998
67,149781,1998
72,196068,1998
1,8003083,1998
13,82919577,1998
256,10036,1998
63,230024,1998
62,5004,1998
221,488,1998
238,326199,1998
84,10260,1998
355,188144724,1998
61,3941,1998
60,3008,1998
80,9711,1998
16,2537,1999
17,61385,1999
19,11478,1999
20,4338,1999
21,1203699,1999
22,29986,1999
219,4011,1999
23,7693499,1999
24,1855324,1999
25,7992,1999
26,11052,1999
27,30047,1999
28,46671,1999
29,6390,1999
30,49423,1999
4,1412363,1999
31,9744,1999
32,10323,1999
33,767,1999
34,80339,1999
35,7307,1999
36,19079,1999
37,3522098,1999
38,25030,1999
39,234597,1999
40,6970,1999
41,2462,1999
42,3799,1999
43,19221,1999
44,11020176,1999
45,4945,1999
174,1503,1999
173,991,1999
172,618671,1999
171,9032277,1999
170,676024,1999
169,784,1999
168,527,1999
166,150267,1999
143,19346,1999
165,196322,1999
164,34962,1999
163,105036,1999
162,704233,1999
167,463,1999
161,1628039,1999
154,740,1999
160,93120,1999
201,102087,1999
65,199323,1999
259,49248,1999
159,575,1999
157,842,1999
156,203562,1999
158,8107,1999
202,7601,1999
155,1671570,1999
3,5412783,1999
203,8034,1999
153,2990,1999
151,8557,1999
152,19873,1999
6,16985643,1999
150,19382,1999
149,762710,1999
206,2509,1999
254,13082,1999
148,67487,1999
147,5262,1999
94,1437,1999
146,29957,1999
145,5938,1999
139,36463,1999
144,1396886,1999
138,600426,1999
207,114745,1999
137,2826612,1999
136,927107,1999
135,246307,1999
2,415014,1999
133,791625,1999
8,8221573,1999
132,62070,1999
14,27238783,1999
130,126725,1999
131,70410,1999
129,34963,1999
204,1005,1999
208,93082,1999
126,9951,1999
125,1980,1999
122,105653,1999
124,169727,1999
123,996,1999
121,310,1999
120,7047,1999
119,103160,1999
210,74988,1999
262,38562,1999
66,30312,1999
118,25768,1999
117,9639,1999
116,2787970,1999
211,3074,1999
115,6495,1999
212,30558,1999
114,3114,1999
213,54690,1999
113,1863019,1999
222,3016,1999
111,25375,1999
112,12082,1999
110,50071,1999
109,9892,1999
142,69,1999
108,6247,1999
107,34183,1999
5,6203726,1999
220,11864,1999
106,1584314,1999
105,24644,1999
104,3080,1999
103,48970,1999
128,0,1999
102,1789602,1999
217,56726,1999
101,74957,1999
100,114001,1999
99,36227,1999
98,19834,1999
97,499084,1999
96,1092830,1999
11,2104097,1999
95,1520320,1999
93,199389,1999
226,23181,1999
92,601238,1999
12,1497090,1999
91,5101,1999
229,2998,1999
230,3001,1999
239,496,1999
232,494,1999
90,100170,1999
89,30008,1999
233,4986,1999
87,2152,1999
86,922366,1999
85,293514,1999
83,250746,1999
195,1986,1999
82,1213,1999
81,1854732,1999
127,11075156,1999
9,2872255,1999
141,65046,1999
289,2299787,1999
79,2340,1999
234,8835,1999
78,4922,1999
10,3676372,1999
7,2427078,1999
76,2005,1999
64,25012,1999
75,1511710,1999
74,28489,1999
235,993,1999
73,73537,1999
71,153899,1999
70,1427699,1999
69,2011,1999
68,24563,1999
67,199818,1999
72,446512,1999
1,12509316,1999
13,99968569,1999
256,12036,1999
63,330031,1999
62,7516,1999
221,976,1999
238,682373,1999
84,102357,1999
355,281428387,1999
61,9841,1999
60,15058,1999
80,19505,1999
16,3562,2000
17,153332,2000
19,17270,2000
20,5418,2000
21,2608357,2000
22,39919,2000
219,14030,2000
23,8914445,2000
24,2721778,2000
25,12002,2000
26,23831,2000
27,40899,2000
28,93475,2000
29,10723,2000
30,184805,2000
4,3026176,2000
31,14749,2000
32,15465,2000
33,2299,2000
34,120319,2000
35,40792,2000
36,50168,2000
37,5031955,2000
38,29979,2000
39,429555,2000
40,8947,2000
41,4944,2000
42,5714,2000
43,38509,2000
44,15767452,2000
45,7929,2000
174,2005,2000
173,2979,2000
172,2533617,2000
171,22788500,2000
170,891931,2000
169,1474,2000
168,850,2000
166,227686,2000
143,38623,2000
165,294240,2000
164,60346,2000
163,143902,2000
162,1006377,2000
167,2779,2000
161,2092276,2000
154,1396,2000
160,317219,2000
201,184654,2000
65,448283,2000
259,69085,2000
159,813,2000
157,4638,2000
156,399824,2000
158,10156,2000
202,12143,2000
155,1932433,2000
3,8528696,2000
203,15083,2000
153,14972,2000
151,11355,2000
152,22890,2000
6,24622623,2000
150,29093,2000
149,1018260,2000
206,4130,2000
254,25028,2000
148,82992,2000
147,8406,2000
94,2861,2000
146,49804,2000
145,19772,2000
139,78543,2000
144,1854346,2000
138,715440,2000
207,124711,2000
137,5555185,2000
136,1957942,2000
135,617797,2000
2,687024,2000
133,1255296,2000
8,13241080,2000
132,82782,2000
14,38248371,2000
130,133869,2000
131,100673,2000
129,100031,2000
204,1507,2000
208,138043,2000
126,51244,2000
125,5918,2000
122,150657,2000
124,257300,2000
123,3958,2000
121,511,2000
120,10018,2000
119,225065,2000
210,99812,2000
262,58242,2000
66,50577,2000
118,30965,2000
117,14423,2000
116,4958180,2000
211,6179,2000
115,15634,2000
212,52018,2000
114,5203,2000
213,86297,2000
113,5168767,2000
222,4012,2000
111,53894,2000
112,30103,2000
110,200156,2000
109,19801,2000
108,31238,2000
107,48586,2000
5,7005030,2000
220,29673,2000
106,1828377,2000
105,49273,2000
104,4117,2000
103,78404,2000
128,0,2000
102,2339671,2000
217,79843,2000
140,35817,2000
100,198633,2000
99,46542,2000
98,39645,2000
97,797253,2000
96,1545990,2000
11,2808569,2000
95,1701394,2000
93,397720,2000
226,28806,2000
92,799648,2000
12,2894596,2000
91,5043,2000
229,7989,2000
230,3501,2000
239,989,2000
232,6429,2000
90,459035,2000
89,39928,2000
233,6002,2000
87,5397,2000
86,1409026,2000
85,508973,2000
83,300467,2000
195,1986,2000
82,1802,2000
81,2445806,2000
127,21181681,2000
9,5573115,2000
141,121596,2000
289,3284011,2000
79,7027,2000
234,11840,2000
78,9831,2000
10,4057813,2000
7,3375775,2000
76,3021,2000
64,40055,2000
75,2322547,2000
74,39763,2000
235,2388,2000
73,97906,2000
71,266800,2000
70,2378894,2000
69,6019,2000
68,39356,2000
67,349785,2000
72,745361,2000
1,15811652,2000
13,121475820,2000
256,15020,2000
63,350028,2000
62,120355,2000
221,3902,2000
238,822710,2000
84,204125,2000
355,414371966,2000
61,14747,2000
60,20122,2000
80,49064,2000
15,990,2001
16,10173,2001
17,204121,2001
19,23100,2001
20,7569,2001
21,3665016,2001
22,49759,2001
219,15886,2001
23,10152449,2001
24,3173139,2001
25,25048,2001
26,35770,2001
27,104902,2001
28,174082,2001
29,32310,2001
30,424598,2001
4,3228655,2001
32,25718,2001
33,5098,2001
34,180162,2001
35,45275,2001
36,60210,2001
37,8049430,2001
38,43936,2001
39,603697,2001
40,18840,2001
41,6949,2001
42,9544,2001
43,43419,2001
44,18676889,2001
45,11915,2001
174,3010,2001
173,3979,2001
172,2949989,2001
171,34076238,2001
170,1169905,2001
169,2463,2001
168,1068,2001
166,382073,2001
143,67436,2001
165,509511,2001
164,120787,2001
163,180713,2001
162,1509577,2001
167,5554,2001
161,2301691,2001
154,2517,2001
160,385230,2001
201,343226,2001
65,597555,2001
259,88589,2001
159,1057,2001
157,5519,2001
156,438777,2001
158,25453,2001
202,15128,2001
155,2241685,2001
3,15772178,2001
203,15083,2001
153,17010,2001
151,16984,2001
152,46364,2001
6,25806862,2001
150,38845,2001
149,1223017,2001
206,5223,2001
254,39695,2001
148,207280,2001
147,15748,2001
94,3797,2001
146,99351,2001
145,29627,2001
139,94726,2001
144,2599610,2001
138,1481042,2001
207,139736,2001
137,7073322,2001
136,4330058,2001
135,995859,2001
134,24252,2001
2,904564,2001
133,1065228,2001
8,15654450,2001
132,103413,2001
14,49214502,2001
130,244391,2001
131,151321,2001
129,200323,2001
204,2007,2001
208,180388,2001
126,149024,2001
125,9836,2001
122,170281,2001
124,227907,2001
123,4925,2001
121,1011,2001
120,19941,2001
119,249383,2001
210,159191,2001
262,98661,2001
66,70850,2001
118,36182,2001
117,19184,2001
116,6326654,2001
211,10383,2001
115,20994,2001
212,71360,2001
114,7296,2001
213,104837,2001
113,7253884,2001
222,4994,2001
111,62272,2001
112,40005,2001
110,400211,2001
109,29748,2001
142,135,2001
108,46735,2001
107,57992,2001
5,7908633,2001
220,39582,2001
106,2080623,2001
105,73900,2001
104,12382,2001
103,112793,2001
128,0,2001
102,2894813,2001
217,135251,2001
101,1867087,2001
140,60777,2001
100,224571,2001
99,51680,2001
98,59408,2001
97,1990286,2001
96,2010757,2001
11,3814134,2001
95,1880938,2001
93,593927,2001
226,38064,2001
92,997787,2001
12,4293326,2001
91,20047,2001
229,12965,2001
230,5502,2001
239,2967,2001
232,8938,2001
90,997232,2001
89,99703,2001
233,9095,2001
87,7595,2001
86,1674642,2001
85,676530,2001
83,600002,2001
195,1986,2001
82,7343,2001
81,2943880,2001
127,27005438,2001
9,7512138,2001
141,150136,2001
289,4307745,2001
79,39175,2001
234,14640,2001
78,13751,2001
10,4606002,2001
7,3968679,2001
76,3243,2001
64,60156,2001
75,3530674,2001
74,46006,2001
235,2786,2001
73,195751,2001
71,420586,2001
70,3331205,2001
69,7997,2001
68,59141,2001
67,599595,2001
72,873807,2001
1,19803848,2001
13,139807922,2001
256,19973,2001
63,370022,2001
62,150519,2001
221,5358,2001
238,1156612,2001
84,1026948,2001
355,502668939,2001
61,16699,2001
60,25234,2001
80,98910,2001
15,1003,2002
16,12167,2002
17,509246,2002
19,47512,2002
20,10783,2002
21,4123168,2002
22,59477,2002
219,17858,2002
24,2973941,2002
25,413827,2002
26,55648,2002
27,132700,2002
28,191132,2002
29,75569,2002
30,877834,2002
4,4802051,2002
31,14904,2002
32,51283,2002
33,10162,2002
34,269741,2002
35,99993,2002
36,60268,2002
37,16482783,2002
38,53174,2002
39,714241,2002
40,24708,2002
41,7970,2002
42,28679,2002
43,58046,2002
44,19291569,2002
45,15909,2002
174,5023,2002
173,14949,2002
172,3452823,2002
171,59681957,2002
170,1912335,2002
169,3160,2002
168,5358,2002
166,808368,2002
143,86473,2002
165,780697,2002
164,422984,2002
163,276677,2002
162,2453409,2002
167,46243,2002
161,3452025,2002
154,3634,2002
160,602691,2002
201,556974,2002
65,1974451,2002
259,112866,2002
159,2140,2002
157,8208,2002
156,574110,2002
158,51042,2002
202,50187,2002
155,3254709,2002
3,18175928,2002
203,20091,2002
153,25105,2002
151,23562,2002
152,73437,2002
6,39842914,2002
150,165430,2002
149,1645504,2002
206,15069,2002
254,49026,2002
148,414093,2002
147,36734,2002
94,13233,2002
145,78932,2002
139,178264,2002
144,2912150,2002
138,1694984,2002
207,225752,2002
137,16759877,2002
136,4641917,2002
135,3145028,2002
134,124696,2002
2,1027870,2002
133,1108384,2002
8,16207614,2002
132,164422,2002
14,59595203,2002
130,318599,2002
131,252985,2002
129,401150,2002
204,2184,2002
208,219721,2002
126,149684,2002
125,14727,2002
122,511749,2002
124,246599,2002
123,20620,2002
121,1002,2002
120,124061,2002
119,609377,2002
210,176780,2002
262,112996,2002
66,355079,2002
118,56954,2002
117,25841,2002
116,7825461,2002
211,15741,2002
115,26426,2002
212,116057,2002
114,10436,2002
213,123217,2002
113,12418317,2002
222,5959,2002
111,158179,2002
112,49840,2002
110,700403,2002
109,49689,2002
142,201,2002
108,51677,2002
107,76882,2002
5,9874037,2002
220,49501,2002
106,2341492,2002
105,88681,2002
104,15520,2002
103,412328,2002
128,0,2002
102,3311320,2002
217,160445,2002
101,3728355,2002
140,104754,2002
100,268257,2002
99,77480,2002
98,98878,2002
97,2385340,2002
96,3524396,2002
11,8139466,2002
95,2022938,2002
93,666114,2002
226,66026,2002
92,1438038,2002
12,5994039,2002
91,24993,2002
229,23392,2002
230,6002,2002
239,3964,2002
232,10984,2002
90,1398653,2002
89,104640,2002
233,12045,2002
87,8735,2002
86,1941668,2002
85,2167622,2002
83,553511,2002
195,2185,2002
82,11058,2002
81,3155608,2002
127,28514843,2002
9,8560848,2002
141,200203,2002
289,5678149,2002
79,126040,2002
234,20102,2002
78,19632,2002
10,6295334,2002
7,4447763,2002
76,3576,2002
64,80330,2002
75,4825510,2002
225,0,2002
74,52515,2002
235,2884,2002
73,281107,2002
71,518162,2002
70,7413280,2002
69,13928,2002
68,98781,2002
67,899082,2002
72,993125,2002
1,33520289,2002
13,169012061,2002
256,29847,2002
63,380014,2002
62,276023,2002
221,6808,2002
238,1247681,2002
84,1520292,2002
355,664809555,2002
61,98152,2002
60,53128,2002
80,137506,2002
15,20272,2003
16,30236,2003
17,711374,2003
19,67477,2003
20,15039,2003
21,4564063,2003
22,138071,2003
219,20180,2003
24,3491089,2003
26,63149,2003
27,167851,2003
28,227821,2003
29,108058,2003
4,5206390,2003
32,71545,2003
33,15193,2003
34,309122,2003
35,149849,2003
36,60359,2003
37,24101487,2003
38,69247,2003
39,939587,2003
40,47257,2003
41,13995,2003
42,33491,2003
43,97039,2003
44,20305051,2003
45,19901,2003
174,6035,2003
173,29959,2003
172,4024740,2003
171,80993322,2003
170,3114590,2003
169,4947,2003
168,16112,2003
166,838959,2003
143,134128,2003
165,998485,2003
164,589375,2003
163,298963,2003
162,3512072,2003
167,69333,2003
161,4108102,2003
154,4748,2003
160,708309,2003
201,592747,2003
65,2987306,2003
259,149288,2003
159,3616,2003
156,622202,2003
158,76761,2003
202,54922,2003
155,3618201,2003
3,21882805,2003
203,35099,2003
153,35323,2003
151,32999,2003
152,117170,2003
6,45662751,2003
150,243942,2003
149,2001355,2003
206,19088,2003
254,53176,2003
148,568629,2003
147,41984,2003
94,17892,2003
145,147876,2003
139,337623,2003
144,3540505,2003
138,2193705,2003
207,239403,2003
137,18686779,2003
136,5264458,2003
135,4771282,2003
134,153766,2003
2,1389400,2003
133,1244086,2003
8,16885900,2003
132,211576,2003
14,62029977,2003
130,456891,2003
131,304710,2003
129,1004097,2003
204,2667,2003
208,485946,2003
126,195918,2003
125,18631,2003
122,622098,2003
124,296117,2003
123,29395,2003
121,993,2003
120,158062,2003
119,884659,2003
210,244014,2003
262,118452,2003
66,391588,2003
118,73134,2003
117,34397,2003
116,8633924,2003
211,18062,2003
115,37260,2003
212,127576,2003
114,12538,2003
213,147341,2003
113,13627618,2003
222,9862,2003
111,309017,2003
110,1000777,2003
109,82719,2003
142,11461,2003
108,66744,2003
107,95514,2003
5,10425312,2003
220,59426,2003
106,2451955,2003
105,98550,2003
104,19707,2003
103,737167,2003
128,0,2003
102,3570624,2003
217,173068,2003
101,7445962,2003
140,142126,2003
100,320514,2003
99,82612,2003
98,118437,2003
97,3124778,2003
96,4033420,2003
11,9559736,2003
95,3111526,2003
93,746358,2003
226,132500,2003
92,1933874,2003
12,11998882,2003
91,30982,2003
229,33776,2003
230,7002,2003
239,4974,2003
232,15077,2003
90,1804871,2003
89,224244,2003
233,12536,2003
87,9888,2003
86,2287733,2003
85,2324111,2003
83,633581,2003
195,2482,2003
82,37004,2003
81,3339076,2003
127,31613592,2003
9,17031505,2003
141,280271,2003
289,7785382,2003
79,158504,2003
234,23049,2003
78,26501,2003
10,7083260,2003
7,4747022,2003
76,4248,2003
64,251485,2003
75,6002983,2003
74,64697,2003
235,2980,2003
73,333491,2003
71,645169,2003
70,8148380,2003
69,19795,2003
68,123765,2003
67,1497897,2003
72,1103045,2003
1,38619900,2003
13,178938683,2003
256,29720,2003
63,530011,2003
62,494036,2003
221,7766,2003
238,1940130,2003
84,3128094,2003
355,780750279,2003
61,117694,2003
60,111991,2003
80,227410,2003
15,25520,2004
16,74977,2004
17,1521549,2004
19,87691,2004
20,21417,2004
21,6210799,2004
22,147000,2004
219,22710,2004
24,4460082,2004
26,70956,2004
27,178074,2004
28,281253,2004
29,135999,2004
4,5644591,2004
31,27057,2004
32,91647,2004
33,20214,2004
34,398161,2004
35,584926,2004
36,60457,2004
37,35236408,2004
38,106834,2004
39,1403854,2004
40,52161,2004
41,25071,2004
42,39247,2004
43,165533,2004
44,21072546,2004
45,24874,2004
174,9059,2004
173,35045,2004
172,4501077,2004
171,95922546,2004
170,3895884,2004
169,7927,2004
168,38849,2004
166,870582,2004
143,152852,2004
165,1355070,2004
164,947323,2004
163,341822,2004
162,3635035,2004
167,104058,2004
161,4372454,2004
154,6022,2004
160,807031,2004
201,653116,2004
65,8985522,2004
259,192025,2004
159,6117,2004
156,725417,2004
158,115917,2004
202,60664,2004
155,3794818,2004
3,23837107,2004
203,45029,2004
153,40641,2004
151,46265,2004
152,176175,2004
6,52894546,2004
150,360296,2004
149,2414136,2004
206,20090,2004
254,57171,2004
148,652643,2004
147,48288,2004
94,24416,2004
145,492551,2004
139,403433,2004
144,3836657,2004
138,2805923,2004
207,244178,2004
137,22253980,2004
136,5814620,2004
135,5214321,2004
134,236849,2004
2,1527224,2004
133,1472983,2004
8,19443640,2004
132,272878,2004
14,79997523,2004
130,645381,2004
131,407787,2004
129,1060500,2004
204,3169,2004
208,506217,2004
126,256450,2004
125,20474,2004
122,879182,2004
124,347694,2004
123,42069,2004
121,985,2004
120,201540,2004
119,1055923,2004
210,297658,2004
262,148433,2004
66,502742,2004
118,93529,2004
117,44050,2004
116,10636631,2004
211,20451,2004
115,53635,2004
212,140213,2004
114,14650,2004
213,166415,2004
113,15086377,2004
222,11743,2004
111,442856,2004
215,155940,2004
110,3503192,2004
109,138014,2004
142,11700,2004
108,76445,2004
107,113853,2004
5,11159977,2004
220,69347,2004
106,2523654,2004
105,123220,2004
104,24933,2004
103,1741348,2004
128,0,2004
102,3572352,2004
217,165237,2004
101,9294582,2004
140,154210,2004
100,364255,2004
99,92910,2004
98,196918,2004
97,3845520,2004
96,4440226,2004
11,12490240,2004
95,3345884,2004
93,835736,2004
226,157095,2004
92,3238675,2004
12,18523256,2004
91,37995,2004
229,34714,2004
230,8002,2004
239,5498,2004
232,20247,2004
90,2377368,2004
89,480530,2004
233,21234,2004
87,11043,2004
86,2709425,2004
85,2855753,2004
83,812703,2004
195,2978,2004
82,106570,2004
81,4064900,2004
127,35258106,2004
9,19079069,2004
141,280158,2004
289,10838288,2004
79,238943,2004
234,29993,2004
78,35356,2004
10,7542247,2004
7,4981433,2004
76,5201,2004
64,335672,2004
75,6940485,2004
74,83019,2004
235,3968,2004
73,348758,2004
71,854383,2004
70,9769745,2004
69,35466,2004
68,198485,2004
67,1647591,2004
72,1231747,2004
1,39289976,2004
13,189443366,2004
256,29591,2004
63,567194,2004
62,678527,2004
221,9690,2004
238,2212664,2004
84,6383526,2004
355,912821319,2004
61,176395,2004
60,236225,2004
80,268328,2004
15,306904,2005
16,186102,2005
17,1945357,2005
19,223557,2005
20,24098,2005
21,6936809,2005
22,156605,2005
219,25408,2005
23,12750509,2005
24,4787117,2005
25,685682,2005
26,82312,2005
27,189426,2005
28,346583,2005
29,143855,2005
4,5887272,2005
31,48157,2005
32,101457,2005
33,25262,2005
34,477038,2005
35,806476,2005
36,60548,2005
37,39295164,2005
38,133160,2005
39,1534447,2005
40,63072,2005
41,40245,2005
42,42109,2005
43,244354,2005
44,23137566,2005
45,28826,2005
174,11071,2005
173,40193,2005
172,5033903,2005
171,112645367,2005
170,4764564,2005
169,12233,2005
168,54414,2005
166,937499,2005
143,190558,2005
165,1450888,2005
164,1098868,2005
163,337175,2005
162,3618059,2005
167,130329,2005
161,4485916,2005
154,7469,2005
160,1060768,2005
201,823325,2005
65,9789214,2005
259,253216,2005
159,8708,2005
156,833046,2005
158,168539,2005
202,69473,2005
155,3916849,2005
3,26250973,2005
203,54908,2005
153,68659,2005
151,54865,2005
152,272758,2005
6,56116305,2005
150,394477,2005
149,2712289,2005
206,21092,2005
254,61080,2005
148,746474,2005
147,52489,2005
94,26255,2005
145,590653,2005
139,479273,2005
144,3884996,2005
138,3930695,2005
207,256632,2005
137,27322412,2005
136,8166249,2005
135,5704167,2005
134,243076,2005
2,1753020,2005
133,1663555,2005
8,20582969,2005
132,351318,2005
14,85883663,2005
130,738998,2005
131,460292,2005
129,1118181,2005
204,3693,2005
208,590240,2005
126,534630,2005
125,48930,2005
122,1035912,2005
124,404267,2005
123,50303,2005
120,226945,2005
119,1211288,2005
210,320489,2005
262,168234,2005
66,544942,2005
118,104102,2005
117,50136,2005
116,12477950,2005
211,21903,2005
115,64898,2005
212,167759,2005
114,20975,2005
213,185405,2005
113,18668070,2005
222,12618,2005
111,608283,2005
215,167041,2005
110,4603934,2005
109,178758,2005
142,31630,2005
108,81492,2005
107,211930,2005
5,13257398,2005
220,75295,2005
106,2593703,2005
105,138052,2005
104,30143,2005
103,4931178,2005
128,0,2005
102,3798075,2005
217,167843,2005
101,9746067,2005
140,572366,2005
100,382471,2005
99,108372,2005
98,458250,2005
97,4721380,2005
96,4656770,2005
11,14888551,2005
95,3696946,2005
93,881105,2005
226,213911,2005
92,4607669,2005
12,21868272,2005
91,49998,2005
229,35309,2005
230,10003,2005
239,6032,2005
232,21414,2005
90,3037222,2005
89,538563,2005
233,22553,2005
87,12188,2005
86,2739536,2005
85,2979688,2005
83,934459,2005
195,3967,2005
82,112149,2005
81,3655950,2005
127,35800745,2005
9,21087612,2005
141,349889,2005
289,15048748,2005
79,399395,2005
234,31948,2005
78,40884,2005
10,7667464,2005
7,5194626,2005
76,20473,2005
64,433516,2005
75,9830834,2005
225,1017,2005
74,102299,2005
235,4959,2005
73,375809,2005
71,975403,2005
70,10497867,2005
69,47416,2005
68,497294,2005
67,1758346,2005
72,1831825,2005
1,42200728,2005
13,200593775,2005
256,29475,2005
63,668055,2005
62,886437,2005
221,10641,2005
238,3362215,2005
84,10740887,2005
355,1029023007,2005
61,215832,2005
60,343698,2005
80,310561,2005
15,545607,2006
16,293521,2006
17,2491454,2006
19,303936,2006
20,27090,2006
21,8278569,2006
22,166616,2006
219,28233,2006
23,13578580,2006
24,5269091,2006
25,1034948,2006
26,87316,2006
27,270694,2006
28,1453680,2006
29,152097,2006
30,1551157,2006
4,6342005,2006
31,69779,2006
32,126364,2006
33,30373,2006
34,575629,2006
35,949493,2006
36,80833,2006
37,53260636,2006
38,156195,2006
39,2065601,2006
40,87498,2006
41,50472,2006
42,63109,2006
43,363136,2006
44,23635330,2006
45,32737,2006
174,13074,2006
173,60554,2006
172,5629961,2006
171,139874702,2006
170,6725134,2006
169,13781,2006
168,77154,2006
166,1081507,2006
143,285148,2006
165,1659991,2006
164,1260615,2006
163,374606,2006
162,4935969,2006
167,167398,2006
161,4717489,2006
154,10112,2006
160,1391168,2006
201,1005659,2006
65,10676526,2006
259,333106,2006
159,10134,2006
156,856939,2006
158,244904,2006
202,79432,2006
155,4204112,2006
3,28868585,2006
203,64736,2006
153,79310,2006
151,78095,2006
152,334110,2006
6,58839519,2006
150,602187,2006
149,3656753,2006
206,22093,2006
254,69569,2006
148,870806,2006
147,62993,2006
94,29061,2006
145,639467,2006
139,588230,2006
144,4171109,2006
138,4732305,2006
207,268287,2006
137,32599283,2006
136,10951361,2006
135,6239562,2006
134,263779,2006
2,2359107,2006
133,1883425,2006
8,22444442,2006
132,452686,2006
14,88214549,2006
130,822906,2006
131,512835,2006
129,1333874,2006
204,4242,2006
208,684441,2006
126,630942,2006
125,68431,2006
122,1193387,2006
124,608603,2006
123,58571,2006
120,252964,2006
119,1450312,2006
210,337573,2006
262,228900,2006
66,590472,2006
118,114707,2006
117,57093,2006
116,13500012,2006
211,36130,2006
115,96508,2006
212,165100,2006
114,31551,2006
213,205092,2006
113,21490032,2006
222,13475,2006
111,813223,2006
215,178553,2006
110,6103238,2006
109,181635,2006
142,88924,2006
108,90429,2006
107,296083,2006
5,13760466,2006
220,79243,2006
106,2888283,2006
105,152910,2006
104,41553,2006
103,7908003,2006
128,0,2006
102,3857619,2006
217,214381,2006
101,10211110,2006
140,673689,2006
100,588481,2006
99,113520,2006
98,468393,2006
97,5785638,2006
96,5040775,2006
11,17092434,2006
95,4029041,2006
93,955392,2006
226,292749,2006
92,5238751,2006
12,25831490,2006
229,40525,2006
230,13069,2006
239,8093,2006
232,22596,2006
90,4782828,2006
89,648535,2006
233,31338,2006
87,13316,2006
86,2721022,2006
85,3027502,2006
83,1082248,2006
195,7926,2006
82,117925,2006
81,3755233,2006
127,38187655,2006
9,22528250,2006
141,499143,2006
289,20467911,2006
234,47907,2006
78,41420,2006
10,7982881,2006
7,5663425,2006
76,264089,2006
64,528254,2006
75,11295897,2006
225,5243,2006
74,116756,2006
235,5953,2006
73,390992,2006
71,1324112,2006
70,12542445,2006
69,63473,2006
68,747444,2006
67,2100593,2006
72,2725857,2006
1,41844488,2006
13,205295950,2006
256,29375,2006
63,979327,2006
62,1717837,2006
221,12557,2006
238,4147085,2006
84,14682703,2006
355,1158678340,2006
61,264046,2006
60,515141,2006
80,314982,2006
15,505719,2007
16,454678,2007
17,3241766,2007
19,356961,2007
20,31070,2007
21,10370927,2007
22,176607,2007
219,31277,2007
23,14547458,2007
24,5765884,2007
25,1268514,2007
26,92429,2007
27,340912,2007
28,2648505,2007
29,160719,2007
30,1878762,2007
4,6893685,2007
31,73408,2007
32,151341,2007
33,40668,2007
34,991280,2007
35,1053701,2007
36,101081,2007
37,58989026,2007
38,167489,2007
39,2545522,2007
40,106890,2007
41,55577,2007
42,67016,2007
43,538985,2007
44,24170590,2007
45,40293,2007
174,16069,2007
173,91294,2007
172,5920516,2007
171,213888081,2007
170,9673657,2007
169,16041,2007
168,109733,2007
166,1240929,2007
143,343547,2007
165,1807723,2007
164,1321401,2007
163,433675,2007
162,5378175,2007
167,216145,2007
161,4651104,2007
154,13112,2007
160,1678469,2007
201,1534189,2007
65,12749822,2007
259,371700,2007
159,12914,2007
157,17029,2007
156,889641,2007
158,299702,2007
202,90976,2007
155,4279736,2007
3,40949992,2007
203,74504,2007
153,85882,2007
151,95503,2007
152,362658,2007
6,61138494,2007
150,873958,2007
149,4083466,2007
206,23089,2007
254,73312,2007
148,1000121,2007
147,78757,2007
94,31902,2007
146,103206,2007
145,688096,2007
139,724549,2007
144,4470161,2007
138,5342732,2007
207,276511,2007
137,46597409,2007
136,13481392,2007
135,6821345,2007
134,264031,2007
2,2689788,2007
133,3331754,2007
8,24193981,2007
132,585624,2007
14,95479401,2007
130,1238638,2007
131,636822,2007
129,1675780,2007
204,5779,2007
208,871187,2007
126,728118,2007
125,97577,2007
122,1300863,2007
124,765804,2007
123,68298,2007
121,19369,2007
120,281920,2007
119,1626785,2007
210,374651,2007
262,238444,2007
66,749761,2007
118,126318,2007
117,133685,2007
116,14830596,2007
211,54779,2007
115,110772,2007
212,192442,2007
114,47491,2007
213,249497,2007
113,23273144,2007
222,14313,2007
111,844309,2007
112,233250,2007
215,190801,2007
110,6713564,2007
109,201914,2007
142,106766,2007
108,100577,2007
107,369629,2007
5,14166355,2007
220,84165,2007
106,2953046,2007
105,215362,2007
104,57264,2007
103,9912433,2007
128,0,2007
102,4102790,2007
217,444149,2007
101,10902642,2007
140,794495,2007
100,769854,2007
99,118677,2007
98,668806,2007
97,7129766,2007
96,5330821,2007
11,18628178,2007
95,4474218,2007
93,1043429,2007
226,440164,2007
92,5953219,2007
12,35300825,2007
91,199849,2007
229,46673,2007
230,17448,2007
239,8659,2007
232,23797,2007
90,7575771,2007
89,818088,2007
233,34650,2007
87,14427,2007
86,3308037,2007
85,3336165,2007
83,1142482,2007
195,9859,2007
82,123879,2007
81,4023588,2007
127,38661194,2007
9,25016555,2007
141,768659,2007
289,26629659,2007
79,2795667,2007
234,71919,2007
78,46676,2007
10,7514776,2007
7,5836596,2007
76,514801,2007
64,670779,2007
75,13258982,2007
225,10650,2007
74,131942,2007
235,7349,2007
73,422891,2007
71,1760973,2007
70,19925702,2007
69,68492,2007
68,1123272,2007
67,3038306,2007
72,3686881,2007
1,46116268,2007
13,225446381,2007
256,29292,2007
63,1135512,2007
62,2044364,2007
221,14957,2007
238,5768236,2007
84,17826766,2007
355,1369818178,2007
61,1089755,2007
60,619755,2007
80,399897,2007
15,502210,2008
16,713808,2008
17,3548821,2008
19,413429,2008
20,35142,2008
21,11352549,2008
22,180600,2008
219,52704,2008
23,15296165,2008
24,6076231,2008
25,1506782,2008
26,109972,2008
27,579030,2008
28,3720145,2008
29,170274,2008
30,2186686,2008
4,7114254,2008
31,80521,2008
32,160893,2008
33,45912,2008
34,1199982,2008
35,1304463,2008
36,121647,2008
37,65284806,2008
38,174456,2008
39,2979348,2008
40,135145,2008
41,66519,2008
42,70791,2008
43,642838,2008
44,25621288,2008
45,68841,2008
174,43454,2008
173,132493,2008
172,6214904,2008
171,303837841,2008
170,11494795,2008
169,19717,2008
168,176450,2008
166,1430288,2008
143,370462,2008
165,1925514,2008
164,1463482,2008
163,457609,2008
162,6563863,2008
167,265644,2008
161,4674225,2008
154,18598,2008
160,2006323,2008
201,2716142,2008
65,14579794,2008
259,615918,2008
159,15805,2008
157,19893,2008
156,945569,2008
158,374332,2008
202,109634,2008
155,4451162,2008
3,44054538,2008
203,89139,2008
153,115231,2008
151,109294,2008
152,434485,2008
6,63282136,2008
150,994852,2008
149,4362305,2008
206,24091,2008
254,77003,2008
148,1162528,2008
147,94973,2008
94,34872,2008
146,135829,2008
145,737582,2008
139,755775,2008
144,4629195,2008
138,6094633,2008
207,282904,2008
137,52435034,2008
136,18697862,2008
135,8756034,2008
134,291114,2008
2,2933497,2008
133,4215152,2008
8,26496412,2008
132,658469,2008
14,96927083,2008
130,1492659,2008
131,1760129,2008
129,2035718,2008
204,6891,2008
208,1113983,2008
126,826180,2008
125,214853,2008
122,1377190,2008
124,926219,2008
123,71597,2008
121,19414,2008
120,544777,2008
119,1775117,2008
210,398902,2008
262,253265,2008
66,951821,2008
118,329942,2008
117,99899,2008
116,15127977,2008
211,80053,2008
115,221970,2008
212,206394,2008
114,63721,2008
213,270290,2008
113,24675979,2008
222,15139,2008
111,961666,2008
112,257557,2008
215,204376,2008
110,10458559,2008
109,356409,2008
142,108855,2008
108,112249,2008
107,458032,2008
5,14484387,2008
220,84131,2008
106,3081677,2008
105,296509,2008
104,106600,2008
103,12027791,2008
128,0,2008
102,4321465,2008
217,551803,2008
101,11455122,2008
140,938346,2008
100,1189202,2008
99,78053,2008
98,862924,2008
97,8755853,2008
96,5644766,2008
11,20362439,2008
95,4700771,2008
93,1419599,2008
226,615479,2008
92,6750195,2008
12,38389219,2008
91,436868,2008
229,50766,2008
230,22925,2008
239,9234,2008
232,25838,2008
90,9338677,2008
89,868922,2008
233,36673,2008
87,15413,2008
86,3347265,2008
85,3565944,2008
83,1174232,2008
195,15134,2008
82,129915,2008
81,4249742,2008
127,39867378,2008
9,27414692,2008
141,1156858,2008
289,31038075,2008
234,108490,2008
78,79384,2008
10,8313201,2008
7,6055721,2008
76,641794,2008
64,822133,2008
75,12111328,2008
225,16172,2008
74,147883,2008
235,8354,2008
73,457749,2008
71,2865140,2008
70,24210239,2008
69,86376,2008
68,2501448,2008
67,5080507,2008
72,4343395,2008
1,48661550,2008
13,224496810,2008
256,29222,2008
63,1316874,2008
62,2516629,2008
221,16380,2008
238,7283072,2008
84,20740506,2008
355,1558290574,2008
61,1540355,2008
60,726080,2008
80,474546,2008
15,994154,2009
16,1220606,2009
17,3982805,2009
19,518640,2009
20,39304,2009
21,13871798,2009
22,441953,2009
219,58843,2009
23,16141237,2009
24,6147793,2009
25,2445288,2009
26,120225,2009
27,628065,2009
28,4664096,2009
29,180170,2009
30,2602075,2009
4,7602203,2009
31,85389,2009
32,200361,2009
33,51227,2009
34,1639470,2009
35,1413952,2009
36,121763,2009
37,76438210,2009
38,188048,2009
39,3355214,2009
40,171094,2009
41,76401,2009
42,74678,2009
43,746210,2009
44,27133234,2009
45,104362,2009
174,79276,2009
173,172542,2009
172,6994316,2009
171,390747678,2009
170,13624854,2009
169,23564,2009
168,191417,2009
166,1540821,2009
143,398727,2009
165,2195720,2009
164,1621956,2009
163,546952,2009
162,6756674,2009
167,349493,2009
161,4799167,2009
154,33474,2009
160,2707623,2009
201,3614054,2009
65,16493004,2009
259,743224,2009
159,19364,2009
157,23276,2009
156,968477,2009
158,461248,2009
202,144834,2009
155,4407149,2009
3,44871728,2009
203,118449,2009
153,150742,2009
151,125098,2009
152,860541,2009
6,63962833,2009
150,1300368,2009
149,4852183,2009
206,25083,2009
254,80638,2009
148,1331407,2009
147,99231,2009
94,34951,2009
146,178221,2009
145,798082,2009
139,787432,2009
144,4846391,2009
138,6174544,2009
207,293960,2009
137,62170631,2009
136,16562361,2009
135,10168884,2009
134,316883,2009
2,3077962,2009
133,4587495,2009
8,29123117,2009
132,681392,2009
14,100281994,2009
130,1773490,2009
131,2945518,2009
129,2454469,2009
204,9021,2009
208,1432021,2009
126,854525,2009
125,369122,2009
122,1433925,2009
124,1260803,2009
123,75115,2009
121,76231,2009
120,661074,2009
119,1893658,2009
210,433301,2009
262,283669,2009
66,1071169,2009
118,335277,2009
117,157446,2009
116,15431409,2009
211,87916,2009
115,262919,2009
212,243707,2009
114,79943,2009
213,280030,2009
113,30424077,2009
222,15958,2009
111,1126411,2009
112,266829,2009
215,218621,2009
110,13211827,2009
109,630445,2009
142,109562,2009
108,138908,2009
107,526800,2009
5,14902714,2009
220,84096,2009
106,3445815,2009
105,413660,2009
104,120186,2009
103,14359403,2009
128,0,2009
102,4444867,2009
217,772628,2009
101,12528719,2009
140,1275658,2009
100,1398824,2009
99,111854,2009
98,1158161,2009
97,9106473,2009
96,8299879,2009
11,22600176,2009
95,5145879,2009
93,1546427,2009
226,844704,2009
92,7546172,2009
12,41496902,2009
91,768263,2009
229,53017,2009
230,33868,2009
239,11090,2009
232,28030,2009
90,10131367,2009
89,941319,2009
87,16407,2009
86,3426207,2009
85,3780503,2009
83,1302671,2009
195,20643,2009
82,135884,2009
81,5097082,2009
127,40293434,2009
9,29001069,2009
141,1762593,2009
289,37808955,2009
234,163266,2009
78,105552,2009
10,8475265,2009
7,6290312,2009
76,752513,2009
64,1071942,2009
75,13443255,2009
225,21840,2009
74,164592,2009
235,10360,2009
73,585477,2009
71,3584789,2009
70,25967463,2009
69,97655,2009
68,3205091,2009
67,8232930,2009
72,4906492,2009
1,52411010,2009
13,217314217,2009
256,29169,2009
63,1405632,2009
62,3350481,2009
221,17309,2009
238,9348055,2009
84,23248616,2009
355,1742929484,2009
61,2288303,2009
60,849100,2009
80,552424,2009
15,1152127,2010
16,1323236,2010
17,4514705,2010
19,654336,2010
20,44491,2010
21,18550750,2010
22,719328,2010
219,63035,2010
23,16811249,2010
24,6321759,2010
25,4154930,2010
26,155158,2010
27,682474,2010
28,5629517,2010
29,181999,2010
30,3012437,2010
4,8204054,2010
31,90693,2010
32,287937,2010
33,98959,2010
34,2221686,2010
35,1591191,2010
36,120892,2010
37,79997683,2010
38,205991,2010
39,3423142,2010
40,374525,2010
41,87669,2010
42,180290,2010
43,858731,2010
44,27437440,2010
45,150715,2010
174,88971,2010
173,202082,2010
172,7647009,2010
171,466396000,2010
170,16760105,2010
169,35174,2010
168,219335,2010
166,1659027,2010
143,550836,2010
165,2447571,2010
164,1801955,2010
163,589570,2010
162,7251072,2010
167,464567,2010
161,4928258,2010
154,55324,2010
160,3107967,2010
201,4335541,2010
65,18167243,2010
259,980176,2010
159,57066,2010
157,26784,2010
156,987088,2010
158,657770,2010
202,171990,2010
155,4662328,2010
3,48707065,2010
203,131232,2010
153,213227,2010
151,155678,2010
152,1138317,2010
6,66333724,2010
150,1911944,2010
149,5082026,2010
206,28263,2010
254,86164,2010
148,1536194,2010
147,107942,2010
94,38119,2010
146,223220,2010
145,836968,2010
139,908801,2010
144,5058159,2010
138,6453096,2010
207,299154,2010
137,92323552,2010
136,26483634,2010
135,11856234,2010
134,769068,2010
2,3231909,2010
133,5012522,2010
8,32062960,2010
132,779522,2010
14,100540420,2010
130,1953610,2010
131,5182076,2010
129,2977211,2010
204,9311,2010
208,1840823,2010
126,883841,2010
125,437239,2010
122,1449716,2010
124,1894463,2010
123,78765,2010
121,90807,2010
120,863680,2010
119,1940506,2010
210,460249,2010
262,296396,2010
66,1074714,2010
118,359578,2010
117,342776,2010
116,15827219,2010
211,96705,2010
115,301502,2010
212,262149,2010
114,144382,2010
213,353546,2010
113,36427531,2010
222,20723,2010
111,1319287,2010
112,276690,2010
215,234107,2010
110,16853012,2010
109,1010033,2010
142,125390,2010
108,252088,2010
107,2142935,2010
5,15134742,2010
220,105436,2010
106,3516152,2010
105,573772,2010
104,136332,2010
103,18236500,2010
128,0,2010
102,4562921,2010
217,1089688,2010
101,13644815,2010
140,1520994,2010
100,1460932,2010
99,90985,2010
98,1229556,2010
97,10213217,2010
96,23431656,2010
11,23883144,2010
95,5677687,2010
93,1683662,2010
226,1227976,2010
92,8161831,2010
12,61556164,2010
91,819747,2010
229,56089,2010
230,36839,2010
239,13034,2010
232,32771,2010
90,11244527,2010
89,1033298,2010
233,37476,2010
87,37461,2010
86,3602719,2010
85,4091591,2010
83,1431618,2010
195,26390,2010
81,12380319,2010
127,41475740,2010
9,30786919,2010
141,2423802,2010
289,59096809,2010
79,5742456,2010
234,166196,2010
78,132794,2010
10,8451151,2010
7,6571024,2010
76,882608,2010
64,1336859,2010
75,15054773,2010
225,33288,2010
74,195089,2010
235,16662,2010
73,644129,2010
71,3915495,2010
70,28800577,2010
69,152616,2010
68,4239392,2010
67,10669653,2010
72,5624065,2010
1,53810817,2010
13,221265013,2010
256,33140,2010
63,1565729,2010
62,4548401,2010
221,18904,2010
238,10847776,2010
84,27116825,2010
355,1999332784,2010
61,2915437,2010
60,1385003,2010
80,901524,2010
15,1485430,2011
16,1434063,2011
17,5486114,2011
19,750776,2011
20,49774,2011
21,21245008,2011
22,920186,2011
219,70417,2011
23,17868675,2011
24,6661296,2011
25,4573190,2011
26,238269,2011
27,984267,2011
28,6926036,2011
29,186600,2011
30,3754156,2011
4,8987777,2011
31,101062,2011
32,392465,2011
33,106633,2011
34,3023503,2011
35,1618958,2011
36,184621,2011
37,90779948,2011
38,220647,2011
39,3529510,2011
40,482457,2011
41,100383,2011
42,450674,2011
43,1026022,2011
44,28667056,2011
45,162581,2011
174,98475,2011
173,233484,2011
172,8962562,2011
171,523744941,2011
170,18725507,2011
169,38861,2011
168,252713,2011
166,1803947,2011
143,605964,2011
165,2492696,2011
164,1818707,2011
163,639580,2011
162,7449887,2011
167,800563,2011
161,5013979,2011
154,60616,2011
160,3810296,2011
201,4760652,2011
65,21989776,2011
259,1170394,2011
159,114343,2011
157,31323,2011
156,1016263,2011
158,990514,2011
202,242784,2011
155,4780796,2011
3,49293971,2011
203,132223,2011
153,305478,2011
151,189835,2011
152,1314780,2011
6,65775045,2011
150,2260962,2011
149,5899878,2011
206,31523,2011
254,92134,2011
148,1838717,2011
147,220703,2011
94,42649,2011
146,224730,2011
145,913055,2011
139,1327904,2011
144,5101518,2011
138,6732757,2011
207,306664,2011
137,125596668,2011
136,30172882,2011
135,14343401,2011
134,1586353,2011
2,3491804,2011
133,5212908,2011
8,32503424,2011
132,1059323,2011
14,101588804,2011
130,2643655,2011
131,8423574,2011
129,3738842,2011
204,10466,2011
208,2098725,2011
126,963655,2011
125,570014,2011
122,1459513,2011
124,2385951,2011
123,144492,2011
121,101754,2011
120,867090,2011
119,1960036,2011
210,468102,2011
262,330783,2011
66,1175041,2011
118,413135,2011
117,520400,2011
116,17467428,2011
211,127545,2011
115,341902,2011
212,284572,2011
114,167295,2011
213,437233,2011
113,44273257,2011
222,23591,2011
111,1549400,2011
112,345189,2011
215,222738,2011
110,15150376,2011
109,1072377,2011
142,495420,2011
108,265875,2011
107,2459443,2011
5,15300967,2011
220,127329,2011
106,3589038,2011
105,615629,2011
104,153582,2011
103,22477036,2011
128,0,2011
102,4625506,2011
217,1553889,2011
101,15676584,2011
140,1716682,2011
100,1583223,2011
99,145387,2011
98,1558562,2011
97,10716572,2011
96,27630603,2011
11,23739826,2011
95,5870494,2011
93,1779352,2011
226,1346917,2011
92,8119215,2011
12,70199354,2011
91,736125,2011
229,59103,2011
230,40128,2011
239,20643,2011
232,36048,2011
90,13413060,2011
89,1303489,2011
233,39639,2011
87,59505,2011
86,3674972,2011
85,4027090,2011
83,1382784,2011
195,32377,2011
82,155059,2011
81,17753916,2011
127,41665689,2011
9,31471340,2011
141,3047253,2011
289,72826152,2011
79,6140213,2011
234,170108,2011
78,222139,2011
10,8781507,2011
7,6756166,2011
76,1018418,2011
64,1522269,2011
75,15984332,2011
225,45261,2011
74,233775,2011
235,26144,2011
73,736803,2011
71,4207734,2011
70,31614303,2011
69,258703,2011
68,4566927,2011
67,13084166,2011
72,6764531,2011
1,54482584,2011
13,216894445,2011
256,37680,2011
63,1740369,2011
62,5406690,2011
221,22252,2011
238,11850136,2011
84,31365431,2011
355,2192101639,2011
61,3614791,2011
60,1640447,2011
80,1208479,2011
15,1674380,2012
16,1595975,2012
17,6836984,2012
19,1631250,2012
20,56131,2012
21,23489980,2012
22,1080721,2012
219,75907,2012
23,18029261,2012
24,6816593,2012
25,5021585,2012
26,266931,2012
27,1144191,2012
28,7786353,2012
29,200489,2012
30,4443189,2012
4,8946641,2012
31,104377,2012
32,437812,2012
33,117463,2012
34,3618464,2012
35,1644043,2012
36,334290,2012
37,97392413,2012
38,240940,2012
39,3794088,2012
40,617284,2012
41,113700,2012
42,729977,2012
43,1581179,2012
44,28967585,2012
45,178556,2012
174,134712,2012
173,266808,2012
172,9529015,2012
171,581710631,2012
170,22962546,2012
169,43253,2012
168,282945,2012
166,2210708,2012
143,1070930,2012
165,2661267,2012
164,2413015,2012
163,688868,2012
162,7773855,2012
167,1158815,2012
161,5176396,2012
154,72850,2012
160,4297575,2012
201,5417722,2012
65,23182700,2012
259,1264244,2012
159,144813,2012
157,36488,2012
156,1038615,2012
158,2680881,2012
202,294772,2012
155,4865186,2012
3,51828313,2012
203,143667,2012
153,421636,2012
151,224351,2012
152,1517391,2012
6,66758038,2012
150,2727703,2012
149,6266005,2012
206,33754,2012
254,98438,2012
148,2443369,2012
147,349726,2012
94,47408,2012
146,229693,2012
145,1008343,2012
139,1541223,2012
144,5180565,2012
138,6966023,2012
207,313188,2012
137,158894454,2012
136,36137845,2012
135,17377897,2012
134,2327137,2012
2,3598407,2012
133,5450966,2012
8,33349398,2012
132,959971,2012
14,102094352,2012
130,2957252,2012
131,10475331,2012
129,4582896,2012
204,11457,2012
208,2392169,2012
126,1107633,2012
125,689482,2012
122,1510932,2012
124,3011287,2012
123,208993,2012
121,108721,2012
119,2041940,2012
210,489529,2012
262,344888,2012
66,1191533,2012
118,513971,2012
117,700329,2012
116,19194160,2012
211,150349,2012
115,448187,2012
212,286978,2012
114,191512,2012
213,443944,2012
113,48029252,2012
222,26884,2012
111,1766765,2012
112,461533,2012
215,356030,2012
110,18472270,2012
109,1540596,2012
142,2039461,2012
108,292985,2012
107,3082773,2012
5,15590352,2012
220,149799,2012
106,3647665,2012
105,793410,2012
104,186182,2012
103,26934863,2012
128,0,2012
102,4743864,2012
217,2078786,2012
101,17719989,2012
140,1864013,2012
100,1520566,2012
99,260079,2012
98,1871663,2012
97,11520725,2012
96,35099725,2012
11,23875573,2012
95,6385071,2012
93,2551327,2012
226,1461931,2012
92,9254571,2012
12,91502341,2012
91,865682,2012
229,60878,2012
230,43731,2012
239,24449,2012
232,39454,2012
90,15706633,2012
89,1479979,2012
233,43444,2012
87,169153,2012
86,3795090,2012
85,4155434,2012
83,1408276,2012
195,38593,2012
82,175719,2012
81,21729267,2012
127,41994852,2012
9,32711154,2012
141,3734712,2012
289,91651962,2012
79,7557940,2012
234,186265,2012
78,259389,2012
10,8890216,2012
7,6842983,2012
76,1160083,2012
64,1938778,2012
75,17951517,2012
225,80973,2012
74,274379,2012
235,31485,2012
73,798462,2012
71,4511609,2012
70,33653381,2012
69,379063,2012
68,5119258,2012
67,15994710,2012
72,7565384,2012
1,56206188,2012
13,234061561,2012
256,42801,2012
63,1849673,2012
62,6971633,2012
221,26228,2012
238,14662581,2012
84,33286292,2012
355,2437368309,2012
61,4345918,2012
60,1979817,2012
80,1765299,2012
15,1872170,2013
16,1669655,2013
17,8626176,2013
19,2313852,2013
20,62020,2013
21,25481415,2013
22,1212380,2013
219,81415,2013
23,19320093,2013
24,6915305,2013
25,6851264,2013
26,271613,2013
27,1183870,2013
28,10446977,2013
29,202841,2013
30,5134721,2013
4,9163220,2013
31,115645,2013
32,490218,2013
33,171351,2013
34,3847058,2013
35,1749193,2013
36,638552,2013
37,103309366,2013
38,261687,2013
39,3855523,2013
40,1553618,2013
41,121367,2013
42,1021543,2013
43,2165572,2013
44,30249215,2013
45,195040,2013
174,152988,2013
173,328340,2013
172,10128530,2013
171,633319291,2013
170,24476321,2013
169,48198,2013
168,313592,2013
166,2163062,2013
143,2635957,2013
165,2855333,2013
164,3187418,2013
163,748735,2013
162,7851612,2013
167,1568953,2013
161,5335049,2013
154,85185,2013
160,4719115,2013
201,6308334,2013
65,26403385,2013
259,1444511,2013
159,177734,2013
157,41859,2013
156,1057305,2013
158,4364835,2013
202,309660,2013
155,4975287,2013
3,52363068,2013
203,155364,2013
153,554959,2013
151,260305,2013
152,1751879,2013
6,68400867,2013
150,3951938,2013
149,6777643,2013
206,37068,2013
254,104885,2013
148,3072454,2013
147,519148,2013
94,52126,2013
146,235005,2013
145,1105768,2013
139,1541086,2013
144,5304240,2013
138,7149393,2013
207,315736,2013
137,193062893,2013
136,37653620,2013
135,23191898,2013
134,3117249,2013
2,3663531,2013
133,5494351,2013
8,34881495,2013
132,1058020,2013
14,113196925,2013
130,3483174,2013
131,10892921,2013
129,5827490,2013
204,12482,2013
208,2715341,2013
126,1307276,2013
125,811820,2013
122,1535372,2013
124,3719652,2013
123,317604,2013
121,137161,2013
120,1022335,2013
119,2051762,2013
210,510820,2013
262,378903,2013
66,1354212,2013
118,688834,2013
117,837146,2013
116,16949918,2013
211,175252,2013
115,576724,2013
212,291675,2013
114,244663,2013
213,503582,2013
113,53254132,2013
222,28829,2013
111,2443178,2013
112,507831,2013
215,378200,2013
110,18941871,2013
109,1928107,2013
142,4115856,2013
108,321996,2013
107,3722046,2013
5,15821975,2013
220,172847,2013
106,3739609,2013
105,921591,2013
104,211903,2013
103,32819397,2013
102,4825957,2013
217,2466279,2013
101,19806673,2013
140,2057224,2013
100,1690075,2013
99,387236,2013
98,2385858,2013
97,11981761,2013
96,47368415,2013
11,24077183,2013
95,6537222,2013
93,2545219,2013
226,1919653,2013
92,9986840,2013
12,97603037,2013
91,995864,2013
229,63238,2013
230,47554,2013
239,29186,2013
232,43020,2013
90,18116408,2013
89,1849762,2013
233,46754,2013
87,276883,2013
86,4337027,2013
85,4225232,2013
83,1501564,2013
195,45081,2013
82,196985,2013
81,25001839,2013
127,42528466,2013
258,428094,2013
9,33451792,2013
141,4495464,2013
289,113117208,2013
79,8364931,2013
234,202910,2013
78,314050,2013
10,9113677,2013
7,7021751,2013
76,1308449,2013
64,2228010,2013
75,19720603,2013
225,130280,2013
74,316933,2013
235,34499,2013
73,860182,2013
71,4824376,2013
70,35051642,2013
69,515163,2013
68,5820828,2013
67,18476777,2013
72,7925511,2013
1,58076224,2013
13,225293187,2013
256,47706,2013
63,1966078,2013
62,8045289,2013
221,28605,2013
238,16644499,2013
84,35226624,2013
355,2649104793,2013
61,5115264,2013
60,2333594,2013
80,2333448,2013
15,2293061,2014
16,1755386,2014
17,11538427,2014
19,2745888,2014
20,67017,2014
21,27809040,2014
22,1587459,2014
219,86959,2014
23,19718721,2014
24,6992548,2014
25,7127830,2014
26,293964,2014
27,1209481,2014
28,22157334,2014
29,212992,2014
30,5597959,2014
4,9536287,2014
31,136106,2014
32,617203,2014
33,235264,2014
34,3654507,2014
35,1780067,2014
36,796837,2014
37,111400310,2014
38,283129,2014
39,4007568,2014
40,1653082,2014
41,136507,2014
42,2137911,2014
43,3606172,2014
44,31018839,2014
45,211944,2014
174,162554,2014
173,393514,2014
172,10763792,2014
171,665862876,2014
170,25124208,2014
169,53005,2014
168,346335,2014
166,2521515,2014
143,4342744,2014
165,2919390,2014
164,3325561,2014
163,798896,2014
162,7867467,2014
167,2211686,2014
161,5436791,2014
154,97693,2014
160,5159217,2014
201,7250291,2014
65,31119506,2014
259,1555330,2014
159,213009,2014
157,46986,2014
156,1110606,2014
158,7497242,2014
202,331291,2014
155,4724315,2014
3,53759659,2014
203,167164,2014
153,714107,2014
151,298418,2014
152,1756632,2014
6,70235938,2014
150,6880236,2014
149,7120433,2014
206,54882,2014
254,111502,2014
148,3726113,2014
147,755553,2014
94,57295,2014
146,244286,2014
145,1205261,2014
139,1680798,2014
144,5746029,2014
138,7424102,2014
207,322415,2014
137,271710452,2014
136,43729473,2014
135,30854765,2014
134,4624303,2014
2,3912712,2014
133,5957407,2014
8,33152548,2014
132,1156361,2014
14,114201877,2014
130,4069899,2014
131,11541934,2014
129,7594001,2014
204,13531,2014
208,2976788,2014
126,1634202,2014
125,937794,2014
122,1528828,2014
124,4090394,2014
123,472073,2014
121,237539,2014
120,1101850,2014
119,2136380,2014
210,526664,2014
262,410851,2014
66,1413943,2014
118,872823,2014
117,995113,2014
116,19244796,2014
211,201184,2014
115,1187399,2014
212,311390,2014
114,434839,2014
213,563275,2014
113,55141968,2014
222,30840,2014
111,2726859,2014
112,583096,2014
215,382881,2014
110,19492671,2014
109,2513421,2014
142,5981666,2014
108,351855,2014
107,4373108,2014
5,15481910,2014
220,185848,2014
106,3904529,2014
105,1058463,2014
104,239099,2014
103,37056705,2014
102,4950119,2014
217,2781362,2014
101,22265551,2014
140,2435236,2014
100,1753671,2014
99,504126,2014
98,2817611,2014
97,12451288,2014
96,49650716,2014
11,25503178,2014
95,6763327,2014
226,2172356,2014
92,10801256,2014
12,101380524,2014
91,1202608,2014
229,70039,2014
230,51835,2014
239,40765,2014
232,46688,2014
90,19916742,2014
89,2574662,2014
233,47797,2014
87,428806,2014
86,4305783,2014
85,4345186,2014
83,1482518,2014
195,51795,2014
82,220264,2014
81,26724390,2014
127,44115997,2014
258,520756,2014
9,35444980,2014
141,5320880,2014
289,138535761,2014
79,9298622,2014
234,219610,2014
78,338992,2014
10,8964611,2014
7,7192696,2014
76,1462644,2014
64,3656441,2014
75,23870612,2014
225,212242,2014
74,412048,2014
235,38033,2014
73,881775,2014
71,5144028,2014
70,39316433,2014
69,666881,2014
68,6562834,2014
67,20752290,2014
72,8200064,2014
1,59560870,2014
13,231934709,2014
256,52629,2014
63,2101653,2014
62,10827364,2014
221,48664,2014
238,17520875,2014
84,37943415,2014
355,2902737310,2014
61,5918547,2014
60,2967985,2014
80,2522081,2014
15,2786634,2015
16,1849106,2015
17,15230924,2015
19,3454554,2015
20,69946,2015
21,29542778,2015
22,1723987,2015
219,92510,2015
23,20125028,2015
24,7284877,2015
25,7405463,2015
26,301734,2015
27,1282387,2015
28,23212928,2015
29,216318,2015
30,6383925,2015
4,9600720,2015
31,149428,2015
32,1190322,2015
33,313380,2015
34,3813949,2015
35,1859915,2015
36,824297,2015
37,120133479,2015
38,297290,2015
39,4066447,2015
40,2062374,2015
41,496319,2015
42,3464690,2015
43,4722213,2015
44,31804708,2015
45,227447,2015
174,172752,2015
173,490329,2015
172,13611542,2015
171,702705362,2015
170,26962240,2015
169,57989,2015
168,380467,2015
166,2873314,2015
143,8882897,2015
165,2956870,2015
164,4275698,2015
163,832611,2015
162,8023744,2015
167,2895471,2015
161,5479948,2015
154,110570,2015
160,5708049,2015
201,7901124,2015
65,35466326,2015
259,1691909,2015
159,250593,2015
157,52528,2015
156,1162899,2015
158,13837584,2015
202,379163,2015
155,4737632,2015
3,50283063,2015
203,179277,2015
153,883722,2015
151,326302,2015
152,1879730,2015
6,71567689,2015
150,8674205,2015
149,7497417,2015
206,57481,2015
254,118338,2015
148,4681665,2015
147,991506,2015
94,62689,2015
146,261295,2015
145,1306503,2015
139,2474964,2015
144,6155104,2015
138,7126092,2015
207,324299,2015
137,340354035,2015
136,56733881,2015
135,35978058,2015
134,6219115,2015
2,3924345,2015
133,6238096,2015
8,34596781,2015
132,1212566,2015
14,116531474,2015
130,5506058,2015
131,12572064,2015
129,7841219,2015
204,14610,2015
208,3051156,2015
126,1774110,2015
125,1212842,2015
122,1578201,2015
124,4330094,2015
123,543661,2015
121,265652,2015
120,1185644,2015
119,2092750,2015
210,546225,2015
262,466332,2015
66,1463421,2015
118,1011524,2015
117,1634020,2015
116,21833124,2015
211,227870,2015
115,1804435,2015
212,324817,2015
114,635679,2015
213,631483,2015
113,72300485,2015
222,32898,2015
111,2805526,2015
112,669797,2015
215,427912,2015
110,19865736,2015
109,4743200,2015
142,11385134,2015
108,623075,2015
107,5038238,2015
5,15536692,2015
220,199132,2015
106,4071073,2015
105,1198422,2015
104,492693,2015
103,44389527,2015
102,5033977,2015
217,3088120,2015
101,26513272,2015
140,2677623,2015
100,2032471,2015
99,625666,2015
98,3300970,2015
97,12833058,2015
96,54621685,2015
11,26019206,2015
95,7150500,2015
93,2331715,2015
226,2304973,2015
92,11083840,2015
12,100865491,2015
91,2093320,2015
229,75367,2015
230,56665,2015
239,49228,2015
232,50492,2015
90,21968896,2015
89,3248550,2015
233,50864,2015
87,459147,2015
86,4373574,2015
85,4222798,2015
83,1516643,2015
195,58751,2015
82,244783,2015
81,28706715,2015
127,45483702,2015
258,653517,2015
9,36510136,2015
141,6211879,2015
289,175112830,2015
79,10284180,2015
234,236573,2015
78,338235,2015
10,8846786,2015
7,7278055,2015
76,1622534,2015
64,5387996,2015
75,26993509,2015
225,285425,2015
74,528076,2015
235,41111,2015
73,941163,2015
71,5242252,2015
70,42066986,2015
69,834613,2015
68,7159781,2015
67,21830759,2015
72,8284643,2015
1,60165510,2015
13,238520635,2015
256,57568,2015
63,2216783,2015
62,13257737,2015
221,59142,2015
238,19275447,2015
84,40703632,2015
355,3175188441,2015
61,6482879,2015
60,3381123,2015
80,3588237,2015
15,3672058,2016
16,1942025,2016
17,17438483,2016
19,3745750,2016
20,73703,2016
21,31118074,2016
22,1882003,2016
219,98053,2016
23,21288325,2016
24,7346364,2016
25,7605244,2016
26,312986,2016
27,1396667,2016
28,29733670,2016
29,226713,2016
30,6741547,2016
4,9826872,2016
31,163572,2016
32,1304029,2016
33,333248,2016
34,4322219,2016
35,2119233,2016
36,885770,2016
37,126403573,2016
38,380876,2016
39,4266455,2016
40,2603042,2016
41,544479,2016
42,5106764,2016
43,5859797,2016
44,33081802,2016
45,271522,2016
174,183785,2016
173,722627,2016
172,14965390,2016
171,746662194,2016
170,28285392,2016
169,63157,2016
168,416317,2016
166,3207196,2016
143,9765088,2016
165,3062930,2016
164,4932377,2016
279,98580,2016
163,888129,2016
162,8115380,2016
167,4889495,2016
161,5538674,2016
154,123775,2016
160,6801383,2016
201,8858247,2016
65,39469731,2016
259,1839784,2016
159,290470,2016
157,58322,2016
156,1144939,2016
158,15736221,2016
202,417986,2016
155,4826448,2016
3,51304091,2016
203,191776,2016
153,951332,2016
151,377123,2016
152,2326195,2016
6,73434128,2016
150,9778145,2016
149,7726596,2016
206,59943,2016
254,125446,2016
148,5722498,2016
147,1214801,2016
94,68296,2016
146,275760,2016
145,1326911,2016
139,2733860,2016
144,6388370,2016
138,7730392,2016
207,326623,2016
137,391255067,2016
136,66453884,2016
135,42729084,2016
134,7898106,2016
2,4017692,2016
133,6525047,2016
8,36444965,2016
132,1278367,2016
14,119039541,2016
130,5891172,2016
131,13416643,2016
129,8044620,2016
204,15672,2016
208,3175904,2016
126,2054728,2016
125,1478052,2016
122,1573312,2016
124,4571675,2016
123,602965,2016
121,337691,2016
120,1275778,2016
119,2163058,2016
210,565019,2016
262,499791,2016
66,1501732,2016
118,1173445,2016
117,2075104,2016
116,24571919,2016
211,252772,2016
115,1999620,2016
212,331851,2016
114,774183,2016
213,658723,2016
113,75938137,2016
222,34999,2016
111,2882322,2016
112,674073,2016
215,439287,2016
110,20556219,2016
109,5051281,2016
142,13260073,2016
108,769538,2016
107,5706349,2016
5,15358408,2016
106,4123448,2016
105,1511150,2016
104,893643,2016
103,47743541,2016
102,5112723,2016
217,3400430,2016
101,29974665,2016
140,2930876,2016
100,2178424,2016
99,776284,2016
98,3591314,2016
97,14444940,2016
96,57342723,2016
11,28018760,2016
95,7304070,2016
93,2517649,2016
226,2423097,2016
92,11768741,2016
12,105225728,2016
91,2383502,2016
229,83185,2016
230,60934,2016
239,57390,2016
232,55975,2016
90,24168034,2016
89,3955355,2016
233,53253,2016
87,870767,2016
86,4748163,2016
85,4381283,2016
83,1568755,2016
195,65941,2016
82,269178,2016
81,30248355,2016
127,47156754,2016
258,816980,2016
9,37338225,2016
141,6666125,2016
289,197652432,2016
79,11082072,2016
234,253499,2016
78,383770,2016
10,8819442,2016
7,7488864,2016
76,1788044,2016
64,7224386,2016
75,32713589,2016
225,320292,2016
74,860281,2016
235,42795,2016
73,1000475,2016
71,5656011,2016
70,46393699,2016
69,1018710,2016
68,9075978,2016
67,23552471,2016
72,8398269,2016
1,62351648,2016
13,245425910,2016
256,62537,2016
63,2286820,2016
62,14714360,2016
221,64896,2016
238,18940907,2016
84,43974618,2016
355,3419398061,2016
61,6779981,2016
60,4231896,2016
80,3733962,2016
23,21160670,2017
24,7681572,2017
25,7763795,2017
27,1431062,2017
30,7047894,2017
4,10021205,2017
35,2437067,2017
39,4492334,2017
42,5441827,2017
43,5581180,2017
45,312327,2017
172,14864002,2017
171,765367947,2017
170,30548193,2017
166,3511631,2017
143,10650799,2017
165,2810896,2017
163,952407,2017
162,8358640,2017
161,5567241,2017
154,532863,2017
201,9521429,2017
65,43850341,2017
156,1153818,2017
155,4831111,2017
3,52308536,2017
152,2366455,2017
6,69300711,2017
144,6585380,2017
138,7461350,2017
136,85249263,2017
135,49035599,2017
134,18892351,2017
2,4024333,2017
133,6788835,2017
8,36388297,2017
14,115848998,2017
131,13913107,2017
208,4053797,2017
122,1585391,2017
119,2243311,2017
210,570780,2017
262,517814,2017
118,2505948,2017
116,25343837,2017
212,344976,2017
113,82473657,2017
215,448274,2017
110,22073555,2017
5,15877031,2017
104,2195911,2017
102,5120147,2017
98,4160051,2017
97,15673479,2017
11,29004155,2017
95,7622268,2017
92,12545023,2017
12,109443932,2017
230,72048,2017
90,26375524,2017
86,4821092,2017
85,4446690,2017
83,1640798,2017
127,48482630,2017
9,39216797,2017
10,9554872,2017
7,7943192,2017
75,36515273,2017
74,963813,2017
71,6400330,2017
70,52229607,2017
72,8913210,2017
